http://www.ebay.com/sch/sis.html?_nkw=New+Timken+T581+2+Roller+Thrust+Bearing| {"url": "http://www.ebay.com/sch/sis.html?_nkw=New+Timken+T581+2+Roller+Thrust+Bearing", "Image": "Null", "Title": " New Timken T581 2 Roller Thrust Bearing"}
http://www.ebay.com/sch/i.html?_nkw=tapered+thrust+bearing| {"url": "http://www.ebay.com/sch/i.html?_nkw=tapered+thrust+bearing", "Image": "Null", "Title": " tapered thrust bearing"}
http://www.ebay.com/itm/National-J-165M-165T-5-Complete-Pump-Package-/171011293026| {"url": "http://www.ebay.com/itm/National-J-165M-165T-5-Complete-Pump-Package-/171011293026", "Image": "http://i.ebayimg.com/00/s/NjgyWDEwMjQ=/z/CRsAAOxyY9VRSdth/$T2eC16ZHJF0E9nmFSuLcBRSdtgZu)Q~~60_35.JPG", "Title": " National J 165M 165T 5 Complete Pump Package"}
http://www.ebay.com/itm/Honeywell-KLCN-I-O-CB-51304544-100-Rev-E-PLC-51304543-100-Rv-B-Yamatake-Measurex-/371067324962| {"url": "http://www.ebay.com/itm/Honeywell-KLCN-I-O-CB-51304544-100-Rev-E-PLC-51304543-100-Rv-B-Yamatake-Measurex-/371067324962", "Image": "http://i.ebayimg.com/00/s/MTYwMFgxMjAw/z/YZ4AAOSwHnFViU9s/$_35.JPG", "Title": " Honeywell KLCN I O CB 51304544 100 Rev E PLC 51304543 100 RV B Yamatake Measurex"}
http://www.ebay.com/sch/sis.html?_nkw=Honeywell+51107403+100+LCN+I+O+Control+Board| {"url": "http://www.ebay.com/sch/sis.html?_nkw=Honeywell+51107403+100+LCN+I+O+Control+Board", "Image": "Null", "Title": " Honeywell 51107403 100 LCN I O Control Board"}
http://www.ebay.com/bhp/30-amp-600-volt-fuse| {"url": "http://www.ebay.com/bhp/30-amp-600-volt-fuse", "Image": "Null", "Title": " 30 Amp 600 Volt Fuse"}
http://www.ebay.com/sch/i.html?_nkw=hach+cl17| {"url": "http://www.ebay.com/sch/i.html?_nkw=hach+cl17", "Image": "Null", "Title": " hach cl17"}
http://www.ebay.com/sch/i.html?_nkw=hach+cl+17+chlorine+analyzer| {"url": "http://www.ebay.com/sch/i.html?_nkw=hach+cl+17+chlorine+analyzer", "Image": "Null", "Title": " hach cl 17 chlorine analyzer"}
http://www.ebay.com/sch/i.html?_nkw=lpj-100sp| {"url": "http://www.ebay.com/sch/i.html?_nkw=lpj-100sp", "Image": "Null", "Title": " lpj-100sp"}
http://www.ebay.com/sch/i.html?_nkw=bussmann+100+amp| {"url": "http://www.ebay.com/sch/i.html?_nkw=bussmann+100+amp", "Image": "Null", "Title": " bussmann 100 amp"}
http://www.ebay.com/sch/i.html?_nkw=LPJ+175SP| {"url": "http://www.ebay.com/sch/i.html?_nkw=LPJ+175SP", "Image": "Null", "Title": " LPJ 175SP"}
http://www.ebay.com/itm/BUSSMANN-LPJ-175SP-175-Amp-Fuse-LOW-PEAK-BUSS-LPJ-175SP-CLASS-J-NEW-/171830090338| {"url": "http://www.ebay.com/itm/BUSSMANN-LPJ-175SP-175-Amp-Fuse-LOW-PEAK-BUSS-LPJ-175SP-CLASS-J-NEW-/171830090338", "Image": "http://i.ebayimg.com/00/s/MTIwMFgxNjAw/z/tBcAAOSwrklVM1GK/$_35.JPG", "Title": " Bussmann LPJ 175SP 175 Amp Fuse Low Peak Buss LPJ 175SP Class J New"}
http://www.ebay.com/itm/VICKERS-DT8P1-03-5-10-INLINE-CHECK-VALVE-5PSI-3-8-NPT-HYDRAULIC-/160763707242| {"url": "http://www.ebay.com/itm/VICKERS-DT8P1-03-5-10-INLINE-CHECK-VALVE-5PSI-3-8-NPT-HYDRAULIC-/160763707242", "Image": "http://i.ebayimg.com/00/s/OTYwWDEyODA=/$(KGrHqVHJEYE88dNCVfvBPYlwwpOO!~~60_35.JPG", "Title": " Vickers DT8P1 03 5 10 Inline Check Valve 5PSI 3 8&quot; NPT Hydraulic"}
http://www.ebay.com/sch/sis.html?_nkw=VICKERS+DT8P1+02+30+10+CHECK+VALVE+1+4+NEW| {"url": "http://www.ebay.com/sch/sis.html?_nkw=VICKERS+DT8P1+02+30+10+CHECK+VALVE+1+4+NEW", "Image": "Null", "Title": " VICKERS DT8P1 02 30 10 CHECK VALVE 1 4 NEW"}
http://www.ebay.com/sch/i.html?_nkw=KOP+FLEX+Size| {"url": "http://www.ebay.com/sch/i.html?_nkw=KOP+FLEX+Size", "Image": "Null", "Title": " KOP FLEX Size"}
http://www.ebay.com/sch/i.html?_nkw=Kop-Flex+Elastomeric+Coupling+Size+80| {"url": "http://www.ebay.com/sch/i.html?_nkw=Kop-Flex+Elastomeric+Coupling+Size+80", "Image": "Null", "Title": " Kop-Flex Elastomeric Coupling Size 80"}
http://www.ebay.com/sch/sis.html?_nkw=Bussmann+Low+Peak+LP+CC+2+1+2+Fuse+2+1+2+Amp+600+Volt+Time+Delay+LPCC2+1+2| {"url": "http://www.ebay.com/sch/sis.html?_nkw=Bussmann+Low+Peak+LP+CC+2+1+2+Fuse+2+1+2+Amp+600+Volt+Time+Delay+LPCC2+1+2", "Image": "Null", "Title": " Bussmann Low Peak LP CC 2 1 2 Fuse 2 1 2 Amp 600 Volt Time Delay LPCC2 1 2"}
http://www.ebay.com/sch/sis.html?_nkw=Bussmann+LP+CC+3+5| {"url": "http://www.ebay.com/sch/sis.html?_nkw=Bussmann+LP+CC+3+5", "Image": "Null", "Title": " Bussmann LP CC 3 5"}
http://www.ebay.com/sch/sis.html?_nkw=NATIONAL+SEAL+471272+NSPP+471272| {"url": "http://www.ebay.com/sch/sis.html?_nkw=NATIONAL+SEAL+471272+NSPP+471272", "Image": "Null", "Title": " NATIONAL SEAL 471272 NSPP 471272"}
http://www.ebay.com/sch/i.html?_nkw=ss-810-3| {"url": "http://www.ebay.com/sch/i.html?_nkw=ss-810-3", "Image": "Null", "Title": " ss-810-3"}
http://www.ebay.com/sch/sis.html?_nkw=SWAGELOK+TUBE+FITTING+MALE+BRANCH+TEE+3+8+X+3+8+X+1+4+NPT+SS+600+3+TTM+943NW| {"url": "http://www.ebay.com/sch/sis.html?_nkw=SWAGELOK+TUBE+FITTING+MALE+BRANCH+TEE+3+8+X+3+8+X+1+4+NPT+SS+600+3+TTM+943NW", "Image": "Null", "Title": " SWAGELOK TUBE FITTING MALE BRANCH TEE 3 8 X 3 8 X 1 4 NPT SS 600 3 TTM 943NW"}
http://www.ebay.com/sch/i.html?_nkw=goulds+pump| {"url": "http://www.ebay.com/sch/i.html?_nkw=goulds+pump", "Image": "Null", "Title": " goulds pump"}
http://www.ebay.com/sch/sis.html?_nkw=Loctite+660+Quick+Metal+Gap+Filler+High+Viscosity+2oz+6ml| {"url": "http://www.ebay.com/sch/sis.html?_nkw=Loctite+660+Quick+Metal+Gap+Filler+High+Viscosity+2oz+6ml", "Image": "Null", "Title": " Loctite 660 Quick Metal Gap Filler High Viscosity 2oz 6ml"}
http://www.ebay.com/sch/sis.html?_nkw=Honeywell+51107403+100+LCN+I+O+Control+Board| {"url": "http://www.ebay.com/sch/sis.html?_nkw=Honeywell+51107403+100+LCN+I+O+Control+Board", "Image": "Null", "Title": " Honeywell 51107403 100 LCN I O Control Board"}
http://www.ebay.com/itm/HONEYWELL-51400700-100-DHI-BOARD-BRAND-NEW-IN-FACTORY-SEALED-BOX-/290642258937| {"url": "http://www.ebay.com/itm/HONEYWELL-51400700-100-DHI-BOARD-BRAND-NEW-IN-FACTORY-SEALED-BOX-/290642258937", "Image": "http://i.ebayimg.com/00/s/NzY4WDEwMjQ=/$(KGrHqJHJDcE63Z(kMdPBO3Rj!mbgg~~60_35.JPG", "Title": " Honeywell 51400700 100 DHI Board Brand New in Factory SEALED Box"}
http://www.ebay.com/sch/i.html?_nkw=5vx1400| {"url": "http://www.ebay.com/sch/i.html?_nkw=5vx1400", "Image": "Null", "Title": " 5vx1400"}
http://www.ebay.com/sch/sis.html?_nkw=GOODYEAR+2+5VX560+V+BELT+2+BANDED+5VX560+COGGED+BELTS+MATCHMAKER+NEW| {"url": "http://www.ebay.com/sch/sis.html?_nkw=GOODYEAR+2+5VX560+V+BELT+2+BANDED+5VX560+COGGED+BELTS+MATCHMAKER+NEW", "Image": "Null", "Title": " GOODYEAR 2 5VX560 V BELT 2 BANDED 5VX560 COGGED BELTS MATCHMAKER NEW"}
http://www.ebay.com/sch/i.html?_nkw=400w+hps+s51| {"url": "http://www.ebay.com/sch/i.html?_nkw=400w+hps+s51", "Image": "Null", "Title": " 400w hps s51"}
http://www.ebay.com/sch/i.html?_nkw=kop+flex| {"url": "http://www.ebay.com/sch/i.html?_nkw=kop+flex", "Image": "Null", "Title": " kop flex"}
http://www.ebay.com/sch/i.html?_nkw=kop+flex+coupling| {"url": "http://www.ebay.com/sch/i.html?_nkw=kop+flex+coupling", "Image": "Null", "Title": " kop flex coupling"}
http://www.ebay.com/sch/i.html?_nkw=kop+flex| {"url": "http://www.ebay.com/sch/i.html?_nkw=kop+flex", "Image": "Null", "Title": " kop flex"}
http://www.ebay.com/sch/i.html?_nkw=kop+flex+coupling| {"url": "http://www.ebay.com/sch/i.html?_nkw=kop+flex+coupling", "Image": "Null", "Title": " kop flex coupling"}
http://www.ebay.com/sch/sis.html?_nkw=Swagelok+SS+810+7+16+1+x+1| {"url": "http://www.ebay.com/sch/sis.html?_nkw=Swagelok+SS+810+7+16+1+x+1", "Image": "Null", "Title": " Swagelok SS 810 7 16 1 x 1"}
http://www.ebay.com/sch/sis.html?_nkw=Swagelok+SS+810+71+8+1+2+Bulkhead+Female+Connector+1+2+Tube+x+1+2+Female+NPT| {"url": "http://www.ebay.com/sch/sis.html?_nkw=Swagelok+SS+810+71+8+1+2+Bulkhead+Female+Connector+1+2+Tube+x+1+2+Female+NPT", "Image": "Null", "Title": " Swagelok SS 810 71 8 1 2 Bulkhead Female Connector 1 2 Tube x 1 2 Female NPT"}
http://www.ebay.com/sch/i.html?_nkw=Kop-Flex+Elastomeric+Coupling+Size+60| {"url": "http://www.ebay.com/sch/i.html?_nkw=Kop-Flex+Elastomeric+Coupling+Size+60", "Image": "Null", "Title": " Kop-Flex Elastomeric Coupling Size 60"}
http://www.ebay.com/sch/i.html?_nkw=KOP+FLEX+Size| {"url": "http://www.ebay.com/sch/i.html?_nkw=KOP+FLEX+Size", "Image": "Null", "Title": " KOP FLEX Size"}
http://www.ebay.com/sch/i.html?_nkw=lpj-150sp| {"url": "http://www.ebay.com/sch/i.html?_nkw=lpj-150sp", "Image": "Null", "Title": " lpj-150sp"}
http://www.ebay.com/sch/i.html?_nkw=cooper+lpj+150sp| {"url": "http://www.ebay.com/sch/i.html?_nkw=cooper+lpj+150sp", "Image": "Null", "Title": " cooper lpj 150sp"}
http://www.ebay.com/sch/i.html?_nkw=ls10+bearing| {"url": "http://www.ebay.com/sch/i.html?_nkw=ls10+bearing", "Image": "Null", "Title": " ls10 bearing"}
http://www.ebay.com/sch/i.html?_nkw=Buss+LPJ-40SP+Low-Peak+Fuse+600VAC+300VDC+40A| {"url": "http://www.ebay.com/sch/i.html?_nkw=Buss+LPJ-40SP+Low-Peak+Fuse+600VAC+300VDC+40A", "Image": "Null", "Title": " Buss LPJ-40SP Low-Peak Fuse 600VAC 300VDC 40A"}
http://www.ebay.com/sch/i.html?_nkw=40+amp+time+delay+fuse| {"url": "http://www.ebay.com/sch/i.html?_nkw=40+amp+time+delay+fuse", "Image": "Null", "Title": " 40 amp time delay fuse"}
http://www.ebay.com/itm/MSA-Respirator-Advantage-200-LS-Respirator-Size-Large-Dual-Cartridge-815700-/121098038905| {"url": "http://www.ebay.com/itm/MSA-Respirator-Advantage-200-LS-Respirator-Size-Large-Dual-Cartridge-815700-/121098038905", "Image": "http://i.ebayimg.com/00/s/MTA2NlgxNjAw/z/D7IAAOxy9X5TXluA/$_35.JPG", "Title": "utf issue. fix this"}
http://www.ebay.com/sch/sis.html?_nkw=Kop-Flex-Size-2-Shrouded-Sleeve-Fasts-Coupling-New-NIB-| {"url": "http://www.ebay.com/sch/sis.html?_nkw=Kop-Flex-Size-2-Shrouded-Sleeve-Fasts-Coupling-New-NIB-", "Image": "Null", "Title": " Kop-Flex-Size-2-Shrouded-Sleeve-Fasts-Coupling-New-NIB-"}
http://www.ebay.com/sch/sis.html?_nkw=LOT+2+NEW+KOP+FLEX+STANDARD+COUPLING+GREASE+KSG| {"url": "http://www.ebay.com/sch/sis.html?_nkw=LOT+2+NEW+KOP+FLEX+STANDARD+COUPLING+GREASE+KSG", "Image": "Null", "Title": " LOT 2 NEW KOP FLEX STANDARD COUPLING GREASE KSG"}
http://www.ebay.com/itm/SWAGELOK-PART-SS-810-R-8-Tube-Fitting-Reducer-1-2-In-X-1-2-In-Tube-OD-/110949829243| {"url": "http://www.ebay.com/itm/SWAGELOK-PART-SS-810-R-8-Tube-Fitting-Reducer-1-2-In-X-1-2-In-Tube-OD-/110949829243", "Image": "http://i.ebayimg.com/00/s/MTAwMFg5OTk=/$T2eC16FHJGYE9nooiLeKBQTMLQ,M6g~~60_35.JPG", "Title": " Swagelok Part SS 810 R 8 Tube Fitting Reducer 1 2 in x 1 2 in Tube OD"}
http://www.ebay.com/sch/sis.html?_nkw=Swagelok+Tube+Reducer+1+2+in+x+1+4+in+SS+810+R+4| {"url": "http://www.ebay.com/sch/sis.html?_nkw=Swagelok+Tube+Reducer+1+2+in+x+1+4+in+SS+810+R+4", "Image": "Null", "Title": " Swagelok Tube Reducer 1 2 in x 1 4 in SS 810 R 4"}
http://www.ebay.com/sch/i.html?_nkw=5+Limitron+KTK+5+Fuses| {"url": "http://www.ebay.com/sch/i.html?_nkw=5+Limitron+KTK+5+Fuses", "Image": "Null", "Title": " 5 Limitron KTK 5 Fuses"}
http://www.ebay.com/sch/i.html?_nkw=ktk+fuse| {"url": "http://www.ebay.com/sch/i.html?_nkw=ktk+fuse", "Image": "Null", "Title": " ktk fuse"}
http://www.ebay.com/itm/Honeywell-NIM-Modem-51304511-200-Rev-K-PLC-51304510-001-F-51304987-100-Yamatake-/371067288426| {"url": "http://www.ebay.com/itm/Honeywell-NIM-Modem-51304511-200-Rev-K-PLC-51304510-001-F-51304987-100-Yamatake-/371067288426", "Image": "http://i.ebayimg.com/00/s/MTYwMFgxMjAw/z/yqAAAOSwgQ9ViU8t/$_35.JPG", "Title": " Honeywell NIM Modem 51304511 200 Rev K PLC 51304510 001 F 51304987 100 Yamatake"}
http://www.ebay.com/sch/i.html?_nkw=nim+100| {"url": "http://www.ebay.com/sch/i.html?_nkw=nim+100", "Image": "Null", "Title": " nim 100"}
http://www.ebay.com/sch/sis.html?_nkw=DEISTER+CONCENTRATING+TABLE| {"url": "http://www.ebay.com/sch/sis.html?_nkw=DEISTER+CONCENTRATING+TABLE", "Image": "Null", "Title": " DEISTER CONCENTRATING TABLE"}
http://www.ebay.com/sch/i.html?_nkw=honeywell+zone+board| {"url": "http://www.ebay.com/sch/i.html?_nkw=honeywell+zone+board", "Image": "Null", "Title": " honeywell zone board"}
http://www.ebay.com/itm/HONEYWELL-51400700-100-DHI-BOARD-BRAND-NEW-IN-FACTORY-SEALED-BOX-/290642258937| {"url": "http://www.ebay.com/itm/HONEYWELL-51400700-100-DHI-BOARD-BRAND-NEW-IN-FACTORY-SEALED-BOX-/290642258937", "Image": "http://i.ebayimg.com/00/s/NzY4WDEwMjQ=/$(KGrHqJHJDcE63Z(kMdPBO3Rj!mbgg~~60_35.JPG", "Title": " Honeywell 51400700 100 DHI Board Brand New in Factory SEALED Box"}
http://www.ebay.com/itm/MaGNALOY-Couplings-M50011612-/261270010217| {"url": "http://www.ebay.com/itm/MaGNALOY-Couplings-M50011612-/261270010217", "Image": "http://i.ebayimg.com/00/s/NDgwWDY0MA==/z/0ngAAOxymspSFhh6/$T2eC16h,!)cE9s4PvnLCBSFhh6CvQQ~~60_35.JPG", "Title": " Magnaloy Couplings M50011612"}
http://www.ebay.com/sch/i.html?_nkw=magnaloy+coupling+500| {"url": "http://www.ebay.com/sch/i.html?_nkw=magnaloy+coupling+500", "Image": "Null", "Title": " magnaloy coupling 500"}
http://www.ebay.com/sch/i.html?_nkw=200+amp+fuse+bussman| {"url": "http://www.ebay.com/sch/i.html?_nkw=200+amp+fuse+bussman", "Image": "Null", "Title": " 200 amp fuse bussman"}
http://www.ebay.com/sch/i.html?_nkw=lpj-60sp| {"url": "http://www.ebay.com/sch/i.html?_nkw=lpj-60sp", "Image": "Null", "Title": " lpj-60sp"}
http://www.ebay.com/sch/sis.html?_nkw=Swagelok+Tube+Reducer+1+2+in+x+1+4+in+SS+810+R+4| {"url": "http://www.ebay.com/sch/sis.html?_nkw=Swagelok+Tube+Reducer+1+2+in+x+1+4+in+SS+810+R+4", "Image": "Null", "Title": " Swagelok Tube Reducer 1 2 in x 1 4 in SS 810 R 4"}
http://www.ebay.com/itm/LOT-OF-2-NEW-SWAGELOK-SS-810-R-4-STAINLESS-STEEL-TUBE-FITTING-1-4-X-1-2-TUBE-/121107099696| {"url": "http://www.ebay.com/itm/LOT-OF-2-NEW-SWAGELOK-SS-810-R-4-STAINLESS-STEEL-TUBE-FITTING-1-4-X-1-2-TUBE-/121107099696", "Image": "http://i.ebayimg.com/00/s/MTI4NVg5Mjg=/$T2eC16NHJGQE9noMZGyYBQ039H,l7w~~60_35.JPG", "Title": " Lot of 2 New Swagelok SS 810 R 4 Stainless Steel Tube Fitting 1 4&quot; x 1 2&quot; Tube"}
http://www.ebay.com/itm/LOT-OF-23-THOMAS-BETTS-3301-TB-3-8-ARMORED-CABLE-TWO-SCREW-CONNECTOR-/311296300521| {"url": "http://www.ebay.com/itm/LOT-OF-23-THOMAS-BETTS-3301-TB-3-8-ARMORED-CABLE-TWO-SCREW-CONNECTOR-/311296300521", "Image": "http://i.ebayimg.com/00/s/MTA0M1gxMTQy/z/HBQAAOSwZjJU42Q2/$_35.JPG", "Title": " Lot of 23 Thomas Betts 3301 TB 3 8&quot; Armored Cable Two Screw Connector"}
http://www.ebay.com/sch/i.html?_nkw=carlon+wireless+doorbell| {"url": "http://www.ebay.com/sch/i.html?_nkw=carlon+wireless+doorbell", "Image": "Null", "Title": " carlon wireless doorbell"}
http://www.ebay.com/sch/i.html?_nkw=lpj-15sp| {"url": "http://www.ebay.com/sch/i.html?_nkw=lpj-15sp", "Image": "Null", "Title": " lpj-15sp"}
http://www.ebay.com/itm/6-New-Cooper-Bussman-LPJ-15SP-Low-Peak-Fuse-15-amp-600-Volt-/181125802219| {"url": "http://www.ebay.com/itm/6-New-Cooper-Bussman-LPJ-15SP-Low-Peak-Fuse-15-amp-600-Volt-/181125802219", "Image": "http://i.ebayimg.com/00/s/MTIwMFgxNjAw/z/CHoAAOxyhlJRcZ~G/$(KGrHqV,!qUFEHV+pVTJBRcZ+Gse4Q~~60_35.JPG", "Title": " 6 New Cooper Bussman LPJ 15SP Low Peak Fuse 15 Amp 600 Volt"}
http://www.ebay.com/sch/sis.html?_nkw=LOCTITE+567+PST+Pipe+Thread+Sealant+w+PTFE+50ml+56747| {"url": "http://www.ebay.com/sch/sis.html?_nkw=LOCTITE+567+PST+Pipe+Thread+Sealant+w+PTFE+50ml+56747", "Image": "Null", "Title": " LOCTITE 567 PST Pipe Thread Sealant w PTFE 50ml 56747"}
http://www.ebay.com/sch/sis.html?_nkw=LOCTITE-567-PST-Pipe-Thread-Sealant-w-PTFE-50ml-56747-| {"url": "http://www.ebay.com/sch/sis.html?_nkw=LOCTITE-567-PST-Pipe-Thread-Sealant-w-PTFE-50ml-56747-", "Image": "Null", "Title": " LOCTITE-567-PST-Pipe-Thread-Sealant-w-PTFE-50ml-56747-"}
http://www.ebay.com/sch/i.html?_nkw=buss+lpj-1sp+low-peak+class+j+fuses+box+of+10+new| {"url": "http://www.ebay.com/sch/i.html?_nkw=buss+lpj-1sp+low-peak+class+j+fuses+box+of+10+new", "Image": "Null", "Title": " buss lpj-1sp low-peak class j fuses box of 10 new"}
http://www.ebay.com/sch/i.html?_nkw=sp-10+amp| {"url": "http://www.ebay.com/sch/i.html?_nkw=sp-10+amp", "Image": "Null", "Title": " sp-10 amp"}
http://www.ebay.com/sch/sis.html?_nkw=Honeywell-TDC3000-High-Level-Analog-Input-HLAI-| {"url": "http://www.ebay.com/sch/sis.html?_nkw=Honeywell-TDC3000-High-Level-Analog-Input-HLAI-", "Image": "Null", "Title": " Honeywell-TDC3000-High-Level-Analog-Input-HLAI-"}
http://www.ebay.com/sch/i.html?_nkw=edwards+signaling| {"url": "http://www.ebay.com/sch/i.html?_nkw=edwards+signaling", "Image": "Null", "Title": " edwards signaling"}
http://www.ebay.com/sch/i.html?_nkw=Edwards+Signaling+N5| {"url": "http://www.ebay.com/sch/i.html?_nkw=Edwards+Signaling+N5", "Image": "Null", "Title": " Edwards Signaling N5"}
http://www.ebay.com/sch/sis.html?_nkw=INGERSOLL-RAND-AIR-COMPRESSOR-ULTRA-COOLANT-OIL-39433735-38459582-5-GALLON-PAIL-| {"url": "http://www.ebay.com/sch/sis.html?_nkw=INGERSOLL-RAND-AIR-COMPRESSOR-ULTRA-COOLANT-OIL-39433735-38459582-5-GALLON-PAIL-", "Image": "Null", "Title": " INGERSOLL-RAND-AIR-COMPRESSOR-ULTRA-COOLANT-OIL-39433735-38459582-5-GALLON-PAIL-"}
http://www.ebay.com/sch/i.html?_nkw=ingersoll+rand+20+compressor| {"url": "http://www.ebay.com/sch/i.html?_nkw=ingersoll+rand+20+compressor", "Image": "Null", "Title": " ingersoll rand 20 compressor"}
http://www.ebay.com/itm/NATIONAL-OIL-SEAL-FEDERAL-MOGUL-P-481163-/331011354440| {"url": "http://www.ebay.com/itm/NATIONAL-OIL-SEAL-FEDERAL-MOGUL-P-481163-/331011354440", "Image": "http://i.ebayimg.com/07/!C!5R6(gCGk~$(KGrHqZ,!lYEz+2+5gwYBNFBl+7+JQ~~_35.JPG", "Title": " National Oil Seal Federal Mogul P 481163"}
http://www.ebay.com/sch/sis.html?_nkw=2+INGERSOLL+RAND+OIL+FILTER+39911631+OEM+NEW| {"url": "http://www.ebay.com/sch/sis.html?_nkw=2+INGERSOLL+RAND+OIL+FILTER+39911631+OEM+NEW", "Image": "Null", "Title": " 2 INGERSOLL RAND OIL FILTER 39911631 OEM NEW"}
http://www.ebay.com/itm/Ingersoll-Rand-EP-75-EP-100-Filter-Kit-39708466-39911631-39863857-/261304322103| {"url": "http://www.ebay.com/itm/Ingersoll-Rand-EP-75-EP-100-Filter-Kit-39708466-39911631-39863857-/261304322103", "Image": "http://i.ebayimg.com/00/s/MTA2NlgxNjAw/z/egMAAOxyWt5SVxQd/$(KGrHqRHJBoFJE,(7iW3BSV)Qcohew~~60_35.JPG", "Title": " Ingersoll Rand EP 75 EP 100 Filter Kit 39708466 39911631 39863857"}
http://www.ebay.com/sch/i.html?_nkw=KOP+FLEX+Size| {"url": "http://www.ebay.com/sch/i.html?_nkw=KOP+FLEX+Size", "Image": "Null", "Title": " KOP FLEX Size"}
http://www.ebay.com/sch/i.html?_nkw=Kop-Flex+Elastomeric+Coupling+Size+80| {"url": "http://www.ebay.com/sch/i.html?_nkw=Kop-Flex+Elastomeric+Coupling+Size+80", "Image": "Null", "Title": " Kop-Flex Elastomeric Coupling Size 80"}
http://www.ebay.com/sch/i.html?_nkw=Kop-Flex+Elastomeric+Coupling+Size+80| {"url": "http://www.ebay.com/sch/i.html?_nkw=Kop-Flex+Elastomeric+Coupling+Size+80", "Image": "Null", "Title": " Kop-Flex Elastomeric Coupling Size 80"}
http://www.ebay.com/itm/NIB-Eaton-Vickers-cartridge-DPS2-10-V-F-0-80-/290570560503| {"url": "http://www.ebay.com/itm/NIB-Eaton-Vickers-cartridge-DPS2-10-V-F-0-80-/290570560503", "Image": "http://i.ebayimg.com/00/$(KGrHqIOKioE3FYNJ40UBN363gneo!~~_35.JPG", "Title": " NIB Eaton Vickers Cartridge DPS2 10 V F 0 80"}
http://www.ebay.com/sch/sis.html?_nkw=REXNORD+E2+OMEGA+CLOSED+COUPLED+ELASTOMERIC+COUPLING+STANDARD+ELEMENT+7300005| {"url": "http://www.ebay.com/sch/sis.html?_nkw=REXNORD+E2+OMEGA+CLOSED+COUPLED+ELASTOMERIC+COUPLING+STANDARD+ELEMENT+7300005", "Image": "Null", "Title": " REXNORD E2 OMEGA CLOSED COUPLED ELASTOMERIC COUPLING STANDARD ELEMENT 7300005"}
http://www.ebay.com/itm/Thomas-Betts-1-2-Conduit-Flex-Connector-90-Degree-Elbow-w-Tite-Bite-3132-/351145110964| {"url": "http://www.ebay.com/itm/Thomas-Betts-1-2-Conduit-Flex-Connector-90-Degree-Elbow-w-Tite-Bite-3132-/351145110964", "Image": "http://i.ebayimg.com/00/s/MTIwMFgxNjAw/z/hscAAOSwDk5T65pS/$_35.JPG", "Title": " Thomas Betts 1 2&quot; Conduit Flex Connector 90 Degree Elbow w Tite Bite 3132"}
http://www.ebay.com/sch/sis.html?_nkw=Thomas+Betts+3+Insulated+90+degree+Tite+Bite+Connector+3142| {"url": "http://www.ebay.com/sch/sis.html?_nkw=Thomas+Betts+3+Insulated+90+degree+Tite+Bite+Connector+3142", "Image": "Null", "Title": " Thomas Betts 3 Insulated 90 degree Tite Bite Connector 3142"}
http://www.ebay.com/sch/i.html?_nkw=owa| {"url": "http://www.ebay.com/sch/i.html?_nkw=owa", "Image": "Null", "Title": " owa"}
http://www.ebay.com/sch/i.html?_nkw=owa| {"url": "http://www.ebay.com/sch/i.html?_nkw=owa", "Image": "Null", "Title": " owa"}
http://www.ebay.com/itm/NEW-INGERSOLL-RAND-37995891-ELECTRIC-DRAIN-VALVE-FREE-SHIPPING-/380815303527| {"url": "http://www.ebay.com/itm/NEW-INGERSOLL-RAND-37995891-ELECTRIC-DRAIN-VALVE-FREE-SHIPPING-/380815303527", "Image": "http://i.ebayimg.com/00/s/NjQwWDQ4MA==/z/MTMAAOxy4dNS0Fk~/$_35.JPG", "Title": " New Ingersoll Rand 37995891 Electric Drain Valve Free Shipping"}
http://www.ebay.com/itm/INGERSOLL-RAND-37995891-Auto-Drain-Valve-1-2-NPT-1-6-gpm-/381020736093| {"url": "http://www.ebay.com/itm/INGERSOLL-RAND-37995891-Auto-Drain-Valve-1-2-NPT-1-6-gpm-/381020736093", "Image": "http://i.ebayimg.com/00/s/NTY0WDYwMA==/z/gt4AAOSw-vlVoU~f/$_35.JPG", "Title": " Ingersoll Rand 37995891 Auto Drain Valve 1 2&quot; NPT 1 6 GPM"}
http://www.ebay.com/sch/i.html?_nkw=fisher+416| {"url": "http://www.ebay.com/sch/i.html?_nkw=fisher+416", "Image": "Null", "Title": " fisher 416"}
http://www.ebay.com/sch/Other-MRO-Industrial-Supply-/1267/i.html?_nkw=fisher+valve| {"url": "http://www.ebay.com/sch/Other-MRO-Industrial-Supply-/1267/i.html?_nkw=fisher+valve", "Image": "Null", "Title": " fisher valve in Industrial Supplies and MRO"}
http://www.ebay.com/sch/i.html?_nkw=woodhead+connectors| {"url": "http://www.ebay.com/sch/i.html?_nkw=woodhead+connectors", "Image": "Null", "Title": " woodhead connectors"}
http://www.ebay.com/sch/sis.html?_nkw=Used+SKF+TMFS+6+Axial+Lock+Nut+Sockets| {"url": "http://www.ebay.com/sch/sis.html?_nkw=Used+SKF+TMFS+6+Axial+Lock+Nut+Sockets", "Image": "Null", "Title": " Used SKF TMFS 6 Axial Lock Nut Sockets"}
http://www.ebay.com/sch/i.html?_nkw=magnaloy+coupling+500| {"url": "http://www.ebay.com/sch/i.html?_nkw=magnaloy+coupling+500", "Image": "Null", "Title": " magnaloy coupling 500"}
http://www.ebay.com/sch/i.html?_nkw=magnaloy+500| {"url": "http://www.ebay.com/sch/i.html?_nkw=magnaloy+500", "Image": "Null", "Title": " magnaloy 500"}
http://www.ebay.com/sch/sis.html?_nkw=VICKERS+DT8P1+02+30+10+CHECK+VALVE+1+4+NEW| {"url": "http://www.ebay.com/sch/sis.html?_nkw=VICKERS+DT8P1+02+30+10+CHECK+VALVE+1+4+NEW", "Image": "Null", "Title": " VICKERS DT8P1 02 30 10 CHECK VALVE 1 4 NEW"}
http://www.ebay.com/itm/VICKERS-DT8P1-03-5-10-INLINE-CHECK-VALVE-5PSI-3-8-NPT-HYDRAULIC-/160763707242| {"url": "http://www.ebay.com/itm/VICKERS-DT8P1-03-5-10-INLINE-CHECK-VALVE-5PSI-3-8-NPT-HYDRAULIC-/160763707242", "Image": "http://i.ebayimg.com/00/s/OTYwWDEyODA=/$(KGrHqVHJEYE88dNCVfvBPYlwwpOO!~~60_35.JPG", "Title": " Vickers DT8P1 03 5 10 Inline Check Valve 5PSI 3 8&quot; NPT Hydraulic"}
http://www.ebay.com/itm/Thomas-Betts-5333-Liquidtight-Flexible-Conduit-Fittin-/170184770982| {"url": "http://www.ebay.com/itm/Thomas-Betts-5333-Liquidtight-Flexible-Conduit-Fittin-/170184770982", "Image": "http://i12.ebayimg.com/05/i/07/07/0d/05_35.JPG", "Title": " Thomas Betts 5333 Liquidtight Flexible Conduit Fittin"}
http://www.ebay.com/sch/i.html?_nkw=loctite+220| {"url": "http://www.ebay.com/sch/i.html?_nkw=loctite+220", "Image": "Null", "Title": " loctite 220"}
http://www.ebay.com/itm/THOMAS-BETTS-5252-Noninsulated-Connector-1-2-In-Steel-/221516074982| {"url": "http://www.ebay.com/itm/THOMAS-BETTS-5252-Noninsulated-Connector-1-2-In-Steel-/221516074982", "Image": "http://i.ebayimg.com/00/s/NDA3WDYwMA==/z/4uwAAOSw~gRVoNtR/$_35.JPG", "Title": " Thomas Betts 5252 Noninsulated Connector 1 2 in Steel"}
http://www.ebay.com/itm/6-PCS-THOMAS-BETTS-5252-1-2-90D-CONDUIT-CONNECTOR-LIQUIDTIGHT-FLEXIBLE-METAL-/181640584954| {"url": "http://www.ebay.com/itm/6-PCS-THOMAS-BETTS-5252-1-2-90D-CONDUIT-CONNECTOR-LIQUIDTIGHT-FLEXIBLE-METAL-/181640584954", "Image": "http://i.ebayimg.com/00/s/MTIwMFgxNjAw/z/BvcAAOSw0e9UtvcU/$_35.JPG", "Title": " 6 Pcs Thomas Betts 5252 1 2&quot; 90D Conduit Connector Liquidtight Flexible Metal"}
http://www.ebay.com/itm/Thomas-And-Betts-5233-Conduit-Connector-Pack-of-19-/330575264298| {"url": "http://www.ebay.com/itm/Thomas-And-Betts-5233-Conduit-Connector-Pack-of-19-/330575264298", "Image": "http://i.ebayimg.com/00/s/NzUwWDEwMDA=/$(KGrHqF,!rkFC(RDN0rrBQs53t4i9w~~60_35.JPG", "Title": " Thomas and Betts 5233 Conduit Connector Pack of 19"}
http://www.ebay.com/itm/Thomas-Betts-Liquidtight-Flexible-Metal-Conduit-Connectors-No-5233-3-4-20pcs-/121689953315| {"url": "http://www.ebay.com/itm/Thomas-Betts-Liquidtight-Flexible-Metal-Conduit-Connectors-No-5233-3-4-20pcs-/121689953315", "Image": "http://i.ebayimg.com/00/s/MTIwMFgxNjAw/z/mHYAAOSw3ydVj3ox/$_35.JPG", "Title": " T B Thomas Betts Liquidtight Flexible Metal Conduit Connectors No 5233 3 4&quot;"}
http://www.ebay.com/sch/i.html?_nkw=ktk-15| {"url": "http://www.ebay.com/sch/i.html?_nkw=ktk-15", "Image": "Null", "Title": " ktk-15"}
http://www.ebay.com/sch/i.html?_nkw=ktk+15+fuse| {"url": "http://www.ebay.com/sch/i.html?_nkw=ktk+15+fuse", "Image": "Null", "Title": " ktk 15 fuse"}
http://www.ebay.com/itm/MARTIN-SPROCKET-GEAR-CHAIN-COUPLING-80BS16-BORE-1-3-4-NEW-/260881105360| {"url": "http://www.ebay.com/itm/MARTIN-SPROCKET-GEAR-CHAIN-COUPLING-80BS16-BORE-1-3-4-NEW-/260881105360", "Image": "http://i.ebayimg.com/00/s/NzY4WDEwMjQ=/$(KGrHqUOKpIE6SlL1zouBOqEsD8WHg~~60_35.JPG", "Title": " Martin Sprocket Gear Chain Coupling 80BS16 Bore 1 3 4&quot; New"}
http://www.ebay.com/itm/Falk-Type-70T20-Cat-707066-Cover-Grid-Assembly-for-Steelflex-NIB-/261180201670| {"url": "http://www.ebay.com/itm/Falk-Type-70T20-Cat-707066-Cover-Grid-Assembly-for-Steelflex-NIB-/261180201670", "Image": "http://i.ebayimg.com/00/s/MTYwMFgxNTMx/z/pF8AAMXQAx9RNhaq/$(KGrHqRHJFMFErR1SgulBRNh,qZ+Fg~~60_35.JPG", "Title": " Falk Type 70T20 Cat 707066 Cover Grid Assembly for Steelflex"}
http://www.ebay.com/sch/sis.html?_nkw=1120T20+COVER+GRID+ASSY+FALK+NI| {"url": "http://www.ebay.com/sch/sis.html?_nkw=1120T20+COVER+GRID+ASSY+FALK+NI", "Image": "Null", "Title": " 1120T20 COVER GRID ASSY FALK NI"}
http://www.ebay.com/sch/i.html?_nkw=goulds+pump| {"url": "http://www.ebay.com/sch/i.html?_nkw=goulds+pump", "Image": "Null", "Title": " goulds pump"}
http://www.ebay.com/sch/sis.html?_nkw=Swagelok+SS+810+R+6+Tube+Fitting+Reducer+1+2+in+x+3+8| {"url": "http://www.ebay.com/sch/sis.html?_nkw=Swagelok+SS+810+R+6+Tube+Fitting+Reducer+1+2+in+x+3+8", "Image": "Null", "Title": " Swagelok SS 810 R 6 Tube Fitting Reducer 1 2 in x 3 8"}
http://www.ebay.com/sch/sis.html?_nkw=Swagelok+Tube+Reducer+1+2+in+x+1+4+in+SS+810+R+4| {"url": "http://www.ebay.com/sch/sis.html?_nkw=Swagelok+Tube+Reducer+1+2+in+x+1+4+in+SS+810+R+4", "Image": "Null", "Title": " Swagelok Tube Reducer 1 2 in x 1 4 in SS 810 R 4"}
http://www.ebay.com/sch/sis.html?_nkw=BUSSMAN+LPJ+12SP| {"url": "http://www.ebay.com/sch/sis.html?_nkw=BUSSMAN+LPJ+12SP", "Image": "Null", "Title": " BUSSMAN LPJ 12SP"}
http://www.ebay.com/sch/i.html?_nkw=30+amp+volt+fuse| {"url": "http://www.ebay.com/sch/i.html?_nkw=30+amp+volt+fuse", "Image": "Null", "Title": " 30 amp volt fuse"}
http://www.ebay.com/sch/i.html?_nkw=high+pressure+cooker| {"url": "http://www.ebay.com/sch/i.html?_nkw=high+pressure+cooker", "Image": "Null", "Title": " high pressure cooker"}
http://www.ebay.com/sch/Business-Industrial-/12576/i.html?_nkw=electric+heat+relay| {"url": "http://www.ebay.com/sch/Business-Industrial-/12576/i.html?_nkw=electric+heat+relay", "Image": "Null", "Title": " electric heat relay in Business and Industrial Supplies"}
http://www.ebay.com/sch/i.html?_nkw=electric+motor+overload| {"url": "http://www.ebay.com/sch/i.html?_nkw=electric+motor+overload", "Image": "Null", "Title": " electric motor overload"}
http://www.ebay.com/sch/Business-Industrial-/12576/i.html?_nkw=electric+heat+relay| {"url": "http://www.ebay.com/sch/Business-Industrial-/12576/i.html?_nkw=electric+heat+relay", "Image": "Null", "Title": " electric heat relay in Business and Industrial Supplies"}
http://www.ebay.com/sch/i.html?_nkw=electric+motor+overload| {"url": "http://www.ebay.com/sch/i.html?_nkw=electric+motor+overload", "Image": "Null", "Title": " electric motor overload"}
http://www.ebay.com/sch/i.html?_nkw=PIX+5-VX-1900%2F06+Banded+V-Belt+5VX1900%2F06+6-Groove+Belt| {"url": "http://www.ebay.com/sch/i.html?_nkw=PIX+5-VX-1900%2F06+Banded+V-Belt+5VX1900%2F06+6-Groove+Belt", "Image": "Null", "Title": " PIX 5-VX-1900/06 Banded V-Belt 5VX1900/06 6-Groove Belt"}
http://www.ebay.com/sch/sis.html?_nkw=VICKERS+DT8P1+02+30+10+CHECK+VALVE+1+4+NEW| {"url": "http://www.ebay.com/sch/sis.html?_nkw=VICKERS+DT8P1+02+30+10+CHECK+VALVE+1+4+NEW", "Image": "Null", "Title": " VICKERS DT8P1 02 30 10 CHECK VALVE 1 4 NEW"}
http://www.ebay.com/sch/sis.html?_nkw=SPERRY+VICKERS+DT8P1+10+5+11+APPROX+1+1+2+NPT+CHECK+VALVE| {"url": "http://www.ebay.com/sch/sis.html?_nkw=SPERRY+VICKERS+DT8P1+10+5+11+APPROX+1+1+2+NPT+CHECK+VALVE", "Image": "Null", "Title": " SPERRY VICKERS DT8P1 10 5 11 APPROX 1 1 2 NPT CHECK VALVE"}
http://www.ebay.com/sch/sis.html?_nkw=BUSSMAN+KTK+R+1+1+2+FUSES+1+BOX+10| {"url": "http://www.ebay.com/sch/sis.html?_nkw=BUSSMAN+KTK+R+1+1+2+FUSES+1+BOX+10", "Image": "Null", "Title": " BUSSMAN KTK R 1 1 2 FUSES 1 BOX 10"}
http://www.ebay.com/sch/i.html?_nkw=limitron+ktk-1| {"url": "http://www.ebay.com/sch/i.html?_nkw=limitron+ktk-1", "Image": "Null", "Title": " limitron ktk-1"}
http://www.ebay.com/itm/SKF-TMFS7-Lock-Nut-Socket-for-KM7-KMK7-KMF7-/141049594772| {"url": "http://www.ebay.com/itm/SKF-TMFS7-Lock-Nut-Socket-for-KM7-KMK7-KMF7-/141049594772", "Image": "http://i.ebayimg.com/00/s/ODAwWDgwMA==/z/W6gAAOxyOmBSILFK/$(KGrHqIOKpMFIJv(N8KvBSILFKMvDQ~~60_35.JPG", "Title": " SKF TMFS7 Lock Nut Socket for KM7 KMK7 KMF7"}
http://www.ebay.com/sch/sis.html?_nkw=Used+SKF+TMFS+6+Axial+Lock+Nut+Sockets| {"url": "http://www.ebay.com/sch/sis.html?_nkw=Used+SKF+TMFS+6+Axial+Lock+Nut+Sockets", "Image": "Null", "Title": " Used SKF TMFS 6 Axial Lock Nut Sockets"}
http://www.ebay.com/itm/Ingersoll-Rand-EP-75-EP-100-Filter-Kit-39708466-39911631-39863857-/261304322103| {"url": "http://www.ebay.com/itm/Ingersoll-Rand-EP-75-EP-100-Filter-Kit-39708466-39911631-39863857-/261304322103", "Image": "http://i.ebayimg.com/00/s/MTA2NlgxNjAw/z/egMAAOxyWt5SVxQd/$(KGrHqRHJBoFJE,(7iW3BSV)Qcohew~~60_35.JPG", "Title": " Ingersoll Rand EP 75 EP 100 Filter Kit 39708466 39911631 39863857"}
http://www.ebay.com/sch/sis.html?_nkw=Honeywell-TDC3000-High-Level-Analog-Input-HLAI-| {"url": "http://www.ebay.com/sch/sis.html?_nkw=Honeywell-TDC3000-High-Level-Analog-Input-HLAI-", "Image": "Null", "Title": " Honeywell-TDC3000-High-Level-Analog-Input-HLAI-"}
http://www.ebay.com/sch/i.html?_nkw=arturia+analog+factory| {"url": "http://www.ebay.com/sch/i.html?_nkw=arturia+analog+factory", "Image": "Null", "Title": " arturia analog factory"}
http://www.ebay.com/sch/sis.html?_nkw=EDWARDS+REPLACEMENT+XENON+STROBE+TUBE+91B+ST+NEW| {"url": "http://www.ebay.com/sch/sis.html?_nkw=EDWARDS+REPLACEMENT+XENON+STROBE+TUBE+91B+ST+NEW", "Image": "Null", "Title": " EDWARDS REPLACEMENT XENON STROBE TUBE 91B ST NEW"}
http://www.ebay.com/itm/EDWARDS-SIGNALING-AND-SECURITY-SYSTEMS-91B-ST-XENON-STROBE-TUBE-NEW-/171448138828| {"url": "http://www.ebay.com/itm/EDWARDS-SIGNALING-AND-SECURITY-SYSTEMS-91B-ST-XENON-STROBE-TUBE-NEW-/171448138828", "Image": "http://i.ebayimg.com/00/s/NzIwWDEyODA=/z/QBMAAOSwfcVUChLp/$_35.JPG", "Title": " Edwards Signaling and Security Systems 91B St Xenon Strobe Tube New"}
http://www.ebay.com/itm/Falk-B-M-706392-Gridmember-For-Falk-Steelflex-Coupling-Size-9-/251585679555| {"url": "http://www.ebay.com/itm/Falk-B-M-706392-Gridmember-For-Falk-Steelflex-Coupling-Size-9-/251585679555", "Image": "http://i.ebayimg.com/00/s/NDgwWDY0MA==/z/vtEAAOSw7I5TwFEm/$_35.JPG", "Title": " Falk B M 706392 Gridmember for Falk Steelflex Coupling Size 9"}
http://www.ebay.com/sch/i.html?_nkw=Falk+Grid+Gridmember+Coupling| {"url": "http://www.ebay.com/sch/i.html?_nkw=Falk+Grid+Gridmember+Coupling", "Image": "Null", "Title": " Falk Grid Gridmember Coupling"}
http://www.ebay.com/itm/MARTIN-SPROCKET-80SK17-17-TOOTH-APPROX-2-3-4-INSIDE-DIAMETER-/360568362518| {"url": "http://www.ebay.com/itm/MARTIN-SPROCKET-80SK17-17-TOOTH-APPROX-2-3-4-INSIDE-DIAMETER-/360568362518", "Image": "http://i.ebayimg.com/00/s/NTc1WDU4Ng==/$(KGrHqNHJEYFDy8r9uqSBQ-Z(PeJ(!~~60_35.JPG", "Title": " Martin Sprocket 80SK17 17 Tooth Approx 2 3 4&quot; Inside Diameter"}
http://www.ebay.com/sch/i.html?_nkw=3%2F4+sprocket+hu| {"url": "http://www.ebay.com/sch/i.html?_nkw=3%2F4+sprocket+hu", "Image": "Null", "Title": " 3/4 sprocket hu"}
http://www.ebay.com/itm/GENERAL-ELECTRIC-22D156G002-COIL-STARTER-CR2810-NEW-/250897015962| {"url": "http://www.ebay.com/itm/GENERAL-ELECTRIC-22D156G002-COIL-STARTER-CR2810-NEW-/250897015962", "Image": "http://i.ebayimg.com/00/$(KGrHqIOKjwE5vW4KP-EBOehsrrlbw~~_35.JPG", "Title": " General Electric 22D156G002 Coil Starter CR2810 New"}
http://www.ebay.com/itm/GE-CR2810A14DE-RELAY-/121699242779| {"url": "http://www.ebay.com/itm/GE-CR2810A14DE-RELAY-/121699242779", "Image": "http://i.ebayimg.com/00/s/OTQwWDk5Mw==/z/DuwAAOSw9N1VnZHo/$_35.JPG", "Title": " GE CR2810A14DE Relay"}
http://www.ebay.com/sch/sis.html?_nkw=Used+SKF+TMFS+6+Axial+Lock+Nut+Sockets| {"url": "http://www.ebay.com/sch/sis.html?_nkw=Used+SKF+TMFS+6+Axial+Lock+Nut+Sockets", "Image": "Null", "Title": " Used SKF TMFS 6 Axial Lock Nut Sockets"}
http://www.ebay.com/sch/sis.html?_nkw=SKF+KMTA8+PRECISION+LOCKING+NUT+M40+X+1+5+ID+40+MM+THREAD+SIZE+58+MM+OD+NI| {"url": "http://www.ebay.com/sch/sis.html?_nkw=SKF+KMTA8+PRECISION+LOCKING+NUT+M40+X+1+5+ID+40+MM+THREAD+SIZE+58+MM+OD+NI", "Image": "Null", "Title": " SKF KMTA8 PRECISION LOCKING NUT M40 X 1 5 ID 40 MM THREAD SIZE 58 MM OD NI"}
http://www.ebay.com/sch/i.html?_nkw=goulds+pump| {"url": "http://www.ebay.com/sch/i.html?_nkw=goulds+pump", "Image": "Null", "Title": " goulds pump"}
http://www.ebay.com/sch/sis.html?_nkw=Swagelok+SS+1+2+Female+Elbow+SS+810+8+8| {"url": "http://www.ebay.com/sch/sis.html?_nkw=Swagelok+SS+1+2+Female+Elbow+SS+810+8+8", "Image": "Null", "Title": " Swagelok SS 1 2 Female Elbow SS 810 8 8"}
http://www.ebay.com/sch/sis.html?_nkw=Swagelok+SS+810+7+16+1+x+1| {"url": "http://www.ebay.com/sch/sis.html?_nkw=Swagelok+SS+810+7+16+1+x+1", "Image": "Null", "Title": " Swagelok SS 810 7 16 1 x 1"}
http://www.ebay.com/itm/MARTIN-SPROCKET-80SK17-17-TOOTH-APPROX-2-3-4-INSIDE-DIAMETER-/360568362518| {"url": "http://www.ebay.com/itm/MARTIN-SPROCKET-80SK17-17-TOOTH-APPROX-2-3-4-INSIDE-DIAMETER-/360568362518", "Image": "http://i.ebayimg.com/00/s/NTc1WDU4Ng==/$(KGrHqNHJEYFDy8r9uqSBQ-Z(PeJ(!~~60_35.JPG", "Title": " Martin Sprocket 80SK17 17 Tooth Approx 2 3 4&quot; Inside Diameter"}
http://www.ebay.com/itm/GENUINE-MOTOROLA-CENTRACOM-II-DISPATCHER-RADIO-CABINET-B1630AA-/190819214449| {"url": "http://www.ebay.com/itm/GENUINE-MOTOROLA-CENTRACOM-II-DISPATCHER-RADIO-CABINET-B1630AA-/190819214449", "Image": "http://i.ebayimg.com/00/s/MTYwMFg4OTg=/z/C4UAAOxyaTxRWIlc/$T2eC16ZHJHIE9nysey1mBRWIlbeYY!~~60_35.JPG", "Title": " Genuine Motorola Centracom II DISPATCHER Radio Cabinet B1630AA"}
http://www.ebay.com/itm/Swagelok-SS-810-3-8TMT-Male-Run-Tee-1-2-Tube-x-1-2-/350444242496| {"url": "http://www.ebay.com/itm/Swagelok-SS-810-3-8TMT-Male-Run-Tee-1-2-Tube-x-1-2-/350444242496", "Image": "http://i.ebayimg.com/00/$(KGrHqYOKjgE1ueos)-PBNbrSCUkeQ~~_35.JPG", "Title": " Swagelok SS 810 3 8TMT Male Run Tee 1 2&apos;&apos; Tube x 1 2&apos;&apos;"}
http://www.ebay.com/sch/i.html?_nkw=ss-810-3| {"url": "http://www.ebay.com/sch/i.html?_nkw=ss-810-3", "Image": "Null", "Title": " ss-810-3"}
http://www.ebay.com/sch/sis.html?_nkw=New+Timken+T581+2+Roller+Thrust+Bearing| {"url": "http://www.ebay.com/sch/sis.html?_nkw=New+Timken+T581+2+Roller+Thrust+Bearing", "Image": "Null", "Title": " New Timken T581 2 Roller Thrust Bearing"}
http://www.ebay.com/sch/sis.html?_nkw=GM+700R4+4L60E+THRUST+BEARING+KIT+TIMKEN+74201A| {"url": "http://www.ebay.com/sch/sis.html?_nkw=GM+700R4+4L60E+THRUST+BEARING+KIT+TIMKEN+74201A", "Image": "Null", "Title": " GM 700R4 4L60E THRUST BEARING KIT TIMKEN 74201A"}
http://www.ebay.com/sch/i.html?_nkw=flowserve+impeller| {"url": "http://www.ebay.com/sch/i.html?_nkw=flowserve+impeller", "Image": "Null", "Title": " flowserve impeller"}
http://www.ebay.com/sch/sis.html?_nkw=FLOWSERVE+AY50691A+316+PUMP+SHAFT+SLEEVE+1+3+8+IN+OD4+1+4+L+316SS+26833| {"url": "http://www.ebay.com/sch/sis.html?_nkw=FLOWSERVE+AY50691A+316+PUMP+SHAFT+SLEEVE+1+3+8+IN+OD4+1+4+L+316SS+26833", "Image": "Null", "Title": " FLOWSERVE AY50691A 316 PUMP SHAFT SLEEVE 1 3 8 IN OD4 1 4 L 316SS 26833"}
http://www.ebay.com/sch/sis.html?_nkw=Worthington+IDP+Flowserve+Impeller+D820+D821+3x2x8+Stainless+Steel+Trimmed+7+50| {"url": "http://www.ebay.com/sch/sis.html?_nkw=Worthington+IDP+Flowserve+Impeller+D820+D821+3x2x8+Stainless+Steel+Trimmed+7+50", "Image": "Null", "Title": " Worthington IDP Flowserve Impeller D820 D821 3x2x8 Stainless Steel Trimmed 7 50"}
http://www.ebay.com/sch/i.html?_nkw=1+3+impeller+pump| {"url": "http://www.ebay.com/sch/i.html?_nkw=1+3+impeller+pump", "Image": "Null", "Title": " 1 3 impeller pump"}
http://www.ebay.com/itm/Martin-80B30-Steel-Sprocket-/290371672284| {"url": "http://www.ebay.com/itm/Martin-80B30-Steel-Sprocket-/290371672284", "Image": "http://i6.ebayimg.com/07/i/000/8d/41/d1fb_35.JPG", "Title": " Martin 80B30 Steel Sprocket"}
http://www.ebay.com/itm/Carlson-Power-Flo-PowerFlo-B-35883-Pneumatic-Brake-Clutch-5-8-Shaft-Rebuilt-/190668037032| {"url": "http://www.ebay.com/itm/Carlson-Power-Flo-PowerFlo-B-35883-Pneumatic-Brake-Clutch-5-8-Shaft-Rebuilt-/190668037032", "Image": "http://i.ebayimg.com/00/s/MTIwMFgxNjAw/z/q04AAOxyJypTkd0R/$_35.JPG", "Title": " Carlson Power Flo PowerFlo B 35883 Pneumatic Brake Clutch 5 8&quot; Shaft Rebuilt"}
http://www.ebay.com/sch/sis.html?_nkw=SPERRY+VICKERS+DT8P1+10+5+11+APPROX+1+1+2+NPT+CHECK+VALVE| {"url": "http://www.ebay.com/sch/sis.html?_nkw=SPERRY+VICKERS+DT8P1+10+5+11+APPROX+1+1+2+NPT+CHECK+VALVE", "Image": "Null", "Title": " SPERRY VICKERS DT8P1 10 5 11 APPROX 1 1 2 NPT CHECK VALVE"}
http://www.ebay.com/sch/sis.html?_nkw=VICKERS+DT8P1+02+30+10+CHECK+VALVE+1+4+NEW| {"url": "http://www.ebay.com/sch/sis.html?_nkw=VICKERS+DT8P1+02+30+10+CHECK+VALVE+1+4+NEW", "Image": "Null", "Title": " VICKERS DT8P1 02 30 10 CHECK VALVE 1 4 NEW"}
http://www.ebay.com/itm/Falk-Gridmember-Size-7-for-Falk-Steelflex-Coupling-706390-/380664280601| {"url": "http://www.ebay.com/itm/Falk-Gridmember-Size-7-for-Falk-Steelflex-Coupling-706390-/380664280601", "Image": "http://i.ebayimg.com/00/s/MTAwMFgxMDAw/z/c90AAOxyeglTa-sc/$_35.JPG", "Title": " Falk Gridmember Size 7 for Falk Steelflex Coupling 706390"}
http://www.ebay.com/sch/i.html?_nkw=falk+coupling| {"url": "http://www.ebay.com/sch/i.html?_nkw=falk+coupling", "Image": "Null", "Title": " falk coupling"}
http://www.ebay.com/sch/sis.html?_nkw=NATIONAL+O+RING+SIZING+GAUGE+FEDERAL+MOGUL+RED+COLOR+AS+568| {"url": "http://www.ebay.com/sch/sis.html?_nkw=NATIONAL+O+RING+SIZING+GAUGE+FEDERAL+MOGUL+RED+COLOR+AS+568", "Image": "Null", "Title": " NATIONAL O RING SIZING GAUGE FEDERAL MOGUL RED COLOR AS 568"}
http://www.ebay.com/sch/i.html?_nkw=yokogawa+eja530a| {"url": "http://www.ebay.com/sch/i.html?_nkw=yokogawa+eja530a", "Image": "Null", "Title": " yokogawa eja530a"}
http://www.ebay.com/sch/sis.html?_nkw=Swagelok+SS+810+7+16+1+x+1| {"url": "http://www.ebay.com/sch/sis.html?_nkw=Swagelok+SS+810+7+16+1+x+1", "Image": "Null", "Title": " Swagelok SS 810 7 16 1 x 1"}
http://www.ebay.com/sch/sis.html?_nkw=Swagelok+SS+1+2+Female+Elbow+SS+810+8+8| {"url": "http://www.ebay.com/sch/sis.html?_nkw=Swagelok+SS+1+2+Female+Elbow+SS+810+8+8", "Image": "Null", "Title": " Swagelok SS 1 2 Female Elbow SS 810 8 8"}
http://www.ebay.com/sch/i.html?_nkw=509-tod| {"url": "http://www.ebay.com/sch/i.html?_nkw=509-tod", "Image": "Null", "Title": " 509-tod"}
http://www.ebay.com/itm/Used-HONEYWELL-51304672-100-6322744-/261845397094| {"url": "http://www.ebay.com/itm/Used-HONEYWELL-51304672-100-6322744-/261845397094", "Image": "http://i.ebayimg.com/00/s/NDUxWDYwMQ==/z/DmwAAOSwrklVJ4Xo/$_35.JPG", "Title": " Used Honeywell 51304672 100 9678270"}
http://www.ebay.com/itm/HONEYWELL-51304672-100-ANALOG-OUTPUT-MODULE-51304672100-/350534516435| {"url": "http://www.ebay.com/itm/HONEYWELL-51304672-100-ANALOG-OUTPUT-MODULE-51304672100-/350534516435", "Image": "http://i.ebayimg.com/00/s/MTIwMFgxNjAw/$(KGrHqF,!hME6ZwtGRq!BPO7Y+eq4!~~60_35.JPG", "Title": " Honeywell 51304672 100 Analog Output Module 51304672100"}
http://www.ebay.com/sch/sis.html?_nkw=Goulds-3196-MTX-4-x-6-13-12-75-Impeller-| {"url": "http://www.ebay.com/sch/sis.html?_nkw=Goulds-3196-MTX-4-x-6-13-12-75-Impeller-", "Image": "Null", "Title": " Goulds-3196-MTX-4-x-6-13-12-75-Impeller-"}
http://www.ebay.com/sch/i.html?_nkw=falk+coupling| {"url": "http://www.ebay.com/sch/i.html?_nkw=falk+coupling", "Image": "Null", "Title": " falk coupling"}
http://www.ebay.com/sch/i.html?_nkw=falk+steelflex+couplings| {"url": "http://www.ebay.com/sch/i.html?_nkw=falk+steelflex+couplings", "Image": "Null", "Title": " falk steelflex couplings"}
http://www.ebay.com/sch/i.html?_nkw=f48t12| {"url": "http://www.ebay.com/sch/i.html?_nkw=f48t12", "Image": "Null", "Title": " f48t12"}
http://www.ebay.com/sch/i.html?_nkw=f48t12| {"url": "http://www.ebay.com/sch/i.html?_nkw=f48t12", "Image": "Null", "Title": " f48t12"}
http://www.ebay.com/itm/T-B-Thomas-Betts-5710-1-2-Liquid-Tight-Knock-Out-Plug-/351339434689| {"url": "http://www.ebay.com/itm/T-B-Thomas-Betts-5710-1-2-Liquid-Tight-Knock-Out-Plug-/351339434689", "Image": "http://i.ebayimg.com/00/s/MTAxOFg5Nzk=/z/3NMAAOSwPYZVALsV/$_35.JPG", "Title": " T B Thomas Betts 5710 1 2&quot; Liquid Tight Knock Out Plug"}
http://www.ebay.com/sch/sis.html?_nkw=Thomas+and+Betts+1+Liquid+Tight+Fittings| {"url": "http://www.ebay.com/sch/sis.html?_nkw=Thomas+and+Betts+1+Liquid+Tight+Fittings", "Image": "Null", "Title": " Thomas and Betts 1 Liquid Tight Fittings"}
http://www.ebay.com/itm/GENERAL-ELECTRIC-CR2940UB203A-NSFP-CR2940UB203A-/390749857719| {"url": "http://www.ebay.com/itm/GENERAL-ELECTRIC-CR2940UB203A-NSFP-CR2940UB203A-/390749857719", "Image": "http://i.ebayimg.com/00/s/NTAwWDUwMA==/z/GlYAAOxyOlhS2lli/$_35.JPG", "Title": " General Electric CR2940UB203A NSFP CR2940UB203A"}
http://www.ebay.com/sch/i.html?_nkw=ss-810-6| {"url": "http://www.ebay.com/sch/i.html?_nkw=ss-810-6", "Image": "Null", "Title": " ss-810-6"}
http://www.ebay.com/sch/sis.html?_nkw=Swagelok+SS+810+6+4+1+2+x+1+4+SS+Tube+Fitting+Union+Tube+Reducing+4+each| {"url": "http://www.ebay.com/sch/sis.html?_nkw=Swagelok+SS+810+6+4+1+2+x+1+4+SS+Tube+Fitting+Union+Tube+Reducing+4+each", "Image": "Null", "Title": " Swagelok SS 810 6 4 1 2 x 1 4 SS Tube Fitting Union Tube Reducing 4 each"}
http://www.ebay.com/sch/i.html?_nkw=honeywell+dcs| {"url": "http://www.ebay.com/sch/i.html?_nkw=honeywell+dcs", "Image": "Null", "Title": " honeywell dcs"}
http://www.ebay.com/sch/sis.html?_nkw=HONEYWELL+MU+FOED02+UCN+EXTENDER+USED| {"url": "http://www.ebay.com/sch/sis.html?_nkw=HONEYWELL+MU+FOED02+UCN+EXTENDER+USED", "Image": "Null", "Title": " HONEYWELL MU FOED02 UCN EXTENDER USED"}
http://www.ebay.com/sch/i.html?_nkw=ceramalux| {"url": "http://www.ebay.com/sch/i.html?_nkw=ceramalux", "Image": "Null", "Title": " ceramalux"}
http://www.ebay.com/sch/sis.html?_nkw=GOODYEAR+20040857+5VX1000+BELT| {"url": "http://www.ebay.com/sch/sis.html?_nkw=GOODYEAR+20040857+5VX1000+BELT", "Image": "Null", "Title": " GOODYEAR 20040857 5VX1000 BELT"}
http://www.ebay.com/itm/Honeywell-51204166-125-B-Digital-Output-Relay-Termination-51204165-100-Rev-B-PLC-/221192865147| {"url": "http://www.ebay.com/itm/Honeywell-51204166-125-B-Digital-Output-Relay-Termination-51204165-100-Rev-B-PLC-/221192865147", "Image": "http://i.ebayimg.com/00/s/NjQ4WDE1Nzc=/z/KjIAAMXQlUNRJ5Gx/$(KGrHqR,!iYFDkQ4tJcUBRJ5G)t4w!~~60_35.JPG", "Title": " Honeywell 51204166 125 B Digital Output Relay Termination 51204165 100 Rev B PLC"}
http://www.ebay.com/sch/sis.html?_nkw=Goulds+254+64+Stuffing+Box+Cover+25464+1203| {"url": "http://www.ebay.com/sch/sis.html?_nkw=Goulds+254+64+Stuffing+Box+Cover+25464+1203", "Image": "Null", "Title": " Goulds 254 64 Stuffing Box Cover 25464 1203"}
http://www.ebay.com/sch/i.html?_nkw=goulds+3405| {"url": "http://www.ebay.com/sch/i.html?_nkw=goulds+3405", "Image": "Null", "Title": " goulds 3405"}
http://www.ebay.com/itm/Vickers-Pressure-Control-Valve-EHST-3-FIF-30-EHST-3-FIF-30-/190688664764| {"url": "http://www.ebay.com/itm/Vickers-Pressure-Control-Valve-EHST-3-FIF-30-EHST-3-FIF-30-/190688664764", "Image": "http://i.ebayimg.com/00/s/MTIwMFgxNjAw/$(KGrHqF,!pME--j2VWqnBP0PZsG)R!~~60_35.JPG", "Title": " Vickers Pressure Control Valve EHST-3-FIF-30 EHST 3 FIF 30"}
http://www.ebay.com/sch/sis.html?_nkw=Vickers+Hydraulic+Valve+EHST+3+FVF+30| {"url": "http://www.ebay.com/sch/sis.html?_nkw=Vickers+Hydraulic+Valve+EHST+3+FVF+30", "Image": "Null", "Title": " Vickers Hydraulic Valve EHST 3 FVF 30"}
http://www.ebay.com/sch/i.html?_nkw=lpj-45sp| {"url": "http://www.ebay.com/sch/i.html?_nkw=lpj-45sp", "Image": "Null", "Title": " lpj-45sp"}
http://www.ebay.com/sch/i.html?_nkw=lpj-150sp| {"url": "http://www.ebay.com/sch/i.html?_nkw=lpj-150sp", "Image": "Null", "Title": " lpj-150sp"}
http://www.ebay.com/itm/HONEYWELL-51401996-100-EARM-ASSEMBLY-BOARD-NEW-/251514436753| {"url": "http://www.ebay.com/itm/HONEYWELL-51401996-100-EARM-ASSEMBLY-BOARD-NEW-/251514436753", "Image": "http://i.ebayimg.com/00/s/NDgwWDY0MA==/z/DJ4AAMXQ74JTWYLM/$_35.JPG", "Title": " Honeywell 51401996 100 Earm Assembly Board New"}
http://www.ebay.com/itm/Honeywell-NIM-Modem-51304511-200-Rev-K-PLC-51304510-001-F-51304987-100-Yamatake-/371067288426| {"url": "http://www.ebay.com/itm/Honeywell-NIM-Modem-51304511-200-Rev-K-PLC-51304510-001-F-51304987-100-Yamatake-/371067288426", "Image": "http://i.ebayimg.com/00/s/MTYwMFgxMjAw/z/yqAAAOSwgQ9ViU8t/$_35.JPG", "Title": " Honeywell NIM Modem 51304511 200 Rev K PLC 51304510 001 F 51304987 100 Yamatake"}
http://www.ebay.com/sch/i.html?_nkw=nim+100| {"url": "http://www.ebay.com/sch/i.html?_nkw=nim+100", "Image": "Null", "Title": " nim 100"}
http://www.ebay.com/sch/sis.html?_nkw=GARLOCK-PUMP-PACKING-3-4-GRAPHITE-5PACK-98VC-12-05500-5-| {"url": "http://www.ebay.com/sch/sis.html?_nkw=GARLOCK-PUMP-PACKING-3-4-GRAPHITE-5PACK-98VC-12-05500-5-", "Image": "Null", "Title": " GARLOCK-PUMP-PACKING-3-4-GRAPHITE-5PACK-98VC-12-05500-5-"}
http://www.ebay.com/sch/sis.html?_nkw=GARLOCK-PUMP-PACKING-3-4-GRAPHITE-5PACK-98VC-12-05500-5-| {"url": "http://www.ebay.com/sch/sis.html?_nkw=GARLOCK-PUMP-PACKING-3-4-GRAPHITE-5PACK-98VC-12-05500-5-", "Image": "Null", "Title": " GARLOCK-PUMP-PACKING-3-4-GRAPHITE-5PACK-98VC-12-05500-5-"}
http://www.ebay.com/itm/Koino-Power-Relay-KH-101-2A-/190741285379| {"url": "http://www.ebay.com/itm/Koino-Power-Relay-KH-101-2A-/190741285379", "Image": "http://i.ebayimg.com/00/s/NzIxWDcyMA==/$(KGrHqNHJCcFBoLhPPYfBQg!+1PIRQ~~60_35.JPG", "Title": " Koino Power Relay KH 101 2A"}
http://www.ebay.com/sch/i.html?_nkw=lpj-100sp| {"url": "http://www.ebay.com/sch/i.html?_nkw=lpj-100sp", "Image": "Null", "Title": " lpj-100sp"}
http://www.ebay.com/sch/i.html?_nkw=LPJ+100SP| {"url": "http://www.ebay.com/sch/i.html?_nkw=LPJ+100SP", "Image": "Null", "Title": " LPJ 100SP"}
http://www.ebay.com/itm/Honeywell-51204166-125-B-Digital-Output-Relay-Termination-51204165-100-Rev-B-PLC-/221192865147| {"url": "http://www.ebay.com/itm/Honeywell-51204166-125-B-Digital-Output-Relay-Termination-51204165-100-Rev-B-PLC-/221192865147", "Image": "http://i.ebayimg.com/00/s/NjQ4WDE1Nzc=/z/KjIAAMXQlUNRJ5Gx/$(KGrHqR,!iYFDkQ4tJcUBRJ5G)t4w!~~60_35.JPG", "Title": " Honeywell 51204166 125 B Digital Output Relay Termination 51204165 100 Rev B PLC"}
http://www.ebay.com/sch/Other-Business-Industrial-/26261/i.html?_nkw=ac+relays| {"url": "http://www.ebay.com/sch/Other-Business-Industrial-/26261/i.html?_nkw=ac+relays", "Image": "Null", "Title": " ac relays in Business and Industrial Equipment"}
http://www.ebay.com/sch/Other-Business-Industrial-/26261/i.html?_nkw=ac+relays| {"url": "http://www.ebay.com/sch/Other-Business-Industrial-/26261/i.html?_nkw=ac+relays", "Image": "Null", "Title": " ac relays in Business and Industrial Equipment"}
http://www.ebay.com/itm/Honeywell-51304362-100-MU-PLAM02-9526904-/261818636077| {"url": "http://www.ebay.com/itm/Honeywell-51304362-100-MU-PLAM02-9526904-/261818636077", "Image": "http://i.ebayimg.com/00/s/NDUwWDYwMQ==/z/uxcAAOSwpDdVC5VQ/$_35.JPG", "Title": " Honeywell 51304362 100 MU PLAM02 8171218"}
http://www.ebay.com/itm/Honeywell-51304362-100-MU-PLAM02-9649021-/261818636077| {"url": "http://www.ebay.com/itm/Honeywell-51304362-100-MU-PLAM02-9649021-/261818636077", "Image": "http://i.ebayimg.com/00/s/NDUwWDYwMQ==/z/uxcAAOSwpDdVC5VQ/$_35.JPG", "Title": " Honeywell 51304362 100 MU PLAM02 8171218"}
http://www.ebay.com/itm/HONEYWELL-POWER-ADAPTER-MC-TLPA02-51304467-100-REV-F-FREE-SHIPPING-USED-AS-IS-/291091271999| {"url": "http://www.ebay.com/itm/HONEYWELL-POWER-ADAPTER-MC-TLPA02-51304467-100-REV-F-FREE-SHIPPING-USED-AS-IS-/291091271999", "Image": "http://i.ebayimg.com/00/s/MTA2N1gxNjAw/z/HPAAAOxybLpRgrNI/$T2eC16NHJH!FFmKZ4sDiBRgrNH2bSg~~60_35.JPG", "Title": " Honeywell Power Adapter MC TLPA02 51304467 100 Rev F Free Shipping Used as Is"}
http://www.ebay.com/sch/sis.html?_nkw=HONEYWELL+MU+FOED02+UCN+EXTENDER+USED| {"url": "http://www.ebay.com/sch/sis.html?_nkw=HONEYWELL+MU+FOED02+UCN+EXTENDER+USED", "Image": "Null", "Title": " HONEYWELL MU FOED02 UCN EXTENDER USED"}
http://www.ebay.com/sch/i.html?_nkw=ss-810-6| {"url": "http://www.ebay.com/sch/i.html?_nkw=ss-810-6", "Image": "Null", "Title": " ss-810-6"}
http://www.ebay.com/sch/sis.html?_nkw=Swagelok+SS+810+6+4+1+2+x+1+4+SS+Tube+Fitting+Union+Tube+Reducing+4+each| {"url": "http://www.ebay.com/sch/sis.html?_nkw=Swagelok+SS+810+6+4+1+2+x+1+4+SS+Tube+Fitting+Union+Tube+Reducing+4+each", "Image": "Null", "Title": " Swagelok SS 810 6 4 1 2 x 1 4 SS Tube Fitting Union Tube Reducing 4 each"}
http://www.ebay.com/sch/i.html?_nkw=fafnir+bearing| {"url": "http://www.ebay.com/sch/i.html?_nkw=fafnir+bearing", "Image": "Null", "Title": " fafnir bearing"}
http://www.ebay.com/sch/i.html?_nkw=sewage+pumps| {"url": "http://www.ebay.com/sch/i.html?_nkw=sewage+pumps", "Image": "Null", "Title": " sewage pumps"}
http://www.ebay.com/sch/i.html?_nkw=swagelok+fittings| {"url": "http://www.ebay.com/sch/i.html?_nkw=swagelok+fittings", "Image": "Null", "Title": " swagelok fittings"}
http://www.ebay.com/sch/i.html?_nkw=plumbing| {"url": "http://www.ebay.com/sch/i.html?_nkw=plumbing", "Image": "Null", "Title": " plumbing"}
http://www.ebay.com/sch/i.html?_nkw=1492+ACABLE025UA| {"url": "http://www.ebay.com/sch/i.html?_nkw=1492+ACABLE025UA", "Image": "Null", "Title": " 1492 ACABLE025UA"}
http://www.ebay.com/sch/i.html?_nkw=1492+allen+bradley| {"url": "http://www.ebay.com/sch/i.html?_nkw=1492+allen+bradley", "Image": "Null", "Title": " 1492 allen bradley"}
http://www.ebay.com/sch/i.html?_nkw=allen+bradley| {"url": "http://www.ebay.com/sch/i.html?_nkw=allen+bradley", "Image": "Null", "Title": " allen bradley"}
http://www.ebay.com/sch/i.html?_nkw=allen+bradley+circuit+breaker| {"url": "http://www.ebay.com/sch/i.html?_nkw=allen+bradley+circuit+breaker", "Image": "Null", "Title": " allen bradley circuit breaker"}
http://www.ebay.com/sch/i.html?_nkw=allen+bradley| {"url": "http://www.ebay.com/sch/i.html?_nkw=allen+bradley", "Image": "Null", "Title": " allen bradley"}
http://www.ebay.com/sch/i.html?_nkw=allen+bradley+allen-bradley| {"url": "http://www.ebay.com/sch/i.html?_nkw=allen+bradley+allen-bradley", "Image": "Null", "Title": " allen bradley allen-bradley"}
http://www.ebay.com/sch/i.html?_nkw=volumetric+mixer| {"url": "http://www.ebay.com/sch/i.html?_nkw=volumetric+mixer", "Image": "Null", "Title": " volumetric mixer"}
http://www.ebay.com/sch/sis.html?_nkw=K+TRON+SODER+K+2+VOLUMETRIC+TWIN+SCREW+COMPACT+FEEDER| {"url": "http://www.ebay.com/sch/sis.html?_nkw=K+TRON+SODER+K+2+VOLUMETRIC+TWIN+SCREW+COMPACT+FEEDER", "Image": "Null", "Title": " K TRON SODER K 2 VOLUMETRIC TWIN SCREW COMPACT FEEDER"}
http://www.ebay.com/itm/Caterpillar-CAT-Locking-Fuel-Tank-Cap-7X7700-Dozer-Loader-padlock-style-/110625901551| {"url": "http://www.ebay.com/itm/Caterpillar-CAT-Locking-Fuel-Tank-Cap-7X7700-Dozer-Loader-padlock-style-/110625901551", "Image": "http://i.ebayimg.com/00/s/MTAwMFg3NTA=/z/3P0AAOxy4YdTWrgC/$_35.JPG", "Title": " Caterpillar Cat Locking Fuel Tank Cap 7x7700 Dozer Loader Padlock Style"}
http://www.ebay.com/sch/i.html?_nkw=caterpillar+7x7700+fuel+cap+assy| {"url": "http://www.ebay.com/sch/i.html?_nkw=caterpillar+7x7700+fuel+cap+assy", "Image": "Null", "Title": " caterpillar 7x7700 fuel cap assy"}
http://www.ebay.com/sch/i.html?_nkw=3m+2097| {"url": "http://www.ebay.com/sch/i.html?_nkw=3m+2097", "Image": "Null", "Title": " 3m 2097"}
http://www.ebay.com/sch/i.html?_nkw=gme-p100| {"url": "http://www.ebay.com/sch/i.html?_nkw=gme-p100", "Image": "Null", "Title": " gme-p100"}
http://www.ebay.com/sch/sis.html?_nkw=3M+Scotchfil+Electrical+Insulation+Putty+1+1+2+x+60+x+125+NEW| {"url": "http://www.ebay.com/sch/sis.html?_nkw=3M+Scotchfil+Electrical+Insulation+Putty+1+1+2+x+60+x+125+NEW", "Image": "Null", "Title": " 3M Scotchfil Electrical Insulation Putty 1 1 2 x 60 x 125 NEW"}
http://www.ebay.com/sch/sis.html?_nkw=Caterpillar-Equipment-Hydraulic-Oil-Tank-Cap-7H1447-| {"url": "http://www.ebay.com/sch/sis.html?_nkw=Caterpillar-Equipment-Hydraulic-Oil-Tank-Cap-7H1447-", "Image": "Null", "Title": " Caterpillar-Equipment-Hydraulic-Oil-Tank-Cap-7H1447-"}
http://www.ebay.com/itm/Cat-Caterpillar-9S-9972-Air-Filter-/350756536279| {"url": "http://www.ebay.com/itm/Cat-Caterpillar-9S-9972-Air-Filter-/350756536279", "Image": "http://i.ebayimg.com/00/s/MTIwMFgxNjAw/z/OZAAAOxy9eVRWaut/$T2eC16F,!ykE9s7twBM+BRW,us0egg~~60_35.JPG", "Title": " Cat Caterpillar 9S 9972 Air Filter"}
http://www.ebay.com/itm/9S9972-Engine-Air-Filter-Secondary-Fits-Caterpillar-/231389749306| {"url": "http://www.ebay.com/itm/9S9972-Engine-Air-Filter-Secondary-Fits-Caterpillar-/231389749306", "Image": "http://i.ebayimg.com/00/s/MTI2MFg5NTQ=/z/98sAAOSwYshUZJEI/$_35.JPG", "Title": " 9S9972 Engine Air Filter Secondary Fits Caterpillar"}
http://www.ebay.com/itm/3M-11872-00000-20-Safety-Glasses-Foam-Gasket-Clear-AF-Lens-/381011459637| {"url": "http://www.ebay.com/itm/3M-11872-00000-20-Safety-Glasses-Foam-Gasket-Clear-AF-Lens-/381011459637", "Image": "http://i.ebayimg.com/00/s/MzY0WDYwMA==/z/KmkAAOSw3ydVoHm4/$_35.JPG", "Title": " 3M 11872 00000 20 Safety Glasses Foam Gasket Clear AF Lens"}
http://www.ebay.com/sch/i.html?_nkw=Allen+Bradley+2755-L4RCA+Barcode+Scanner| {"url": "http://www.ebay.com/sch/i.html?_nkw=Allen+Bradley+2755-L4RCA+Barcode+Scanner", "Image": "Null", "Title": " Allen Bradley 2755-L4RCA Barcode Scanner"}
http://www.ebay.com/sch/i.html?_nkw=allen+bradley+allen-bradley| {"url": "http://www.ebay.com/sch/i.html?_nkw=allen+bradley+allen-bradley", "Image": "Null", "Title": " allen bradley allen-bradley"}
http://www.ebay.com/itm/ALLEN-BRADLEY-140U-J6X3-B-MOLDED-CASE-CIRCUIT-BREAKER-FRAME-250A-J-FRAME-XLNT-/121234581323| {"url": "http://www.ebay.com/itm/ALLEN-BRADLEY-140U-J6X3-B-MOLDED-CASE-CIRCUIT-BREAKER-FRAME-250A-J-FRAME-XLNT-/121234581323", "Image": "http://i.ebayimg.com/00/s/NDgwWDY0MA==/$T2eC16NHJGkE9no8gGE!BQ2z68hW(w~~60_35.JPG", "Title": " Allen Bradley 140U J6X3 B Molded Case Circuit Breaker Frame 250A J Frame XLNT"}
http://www.ebay.com/sch/sis.html?_nkw=ALLEN-BRADLEY-140U-J2D3-D15-NSFP-140UJ2D3D15-| {"url": "http://www.ebay.com/sch/sis.html?_nkw=ALLEN-BRADLEY-140U-J2D3-D15-NSFP-140UJ2D3D15-", "Image": "Null", "Title": " ALLEN-BRADLEY-140U-J2D3-D15-NSFP-140UJ2D3D15-"}
http://www.ebay.com/itm/Browning-2B5V184-Split-Taper-Sheave-/131153113384| {"url": "http://www.ebay.com/itm/Browning-2B5V184-Split-Taper-Sheave-/131153113384", "Image": "http://i.ebayimg.com/00/s/MTkyWDE2MDA=/z/cvYAAOxykmZTNiIF/$_35.JPG", "Title": " Browning 2B5V184 Split Taper Sheave"}
http://www.ebay.com/sch/i.html?_nkw=split+pulley| {"url": "http://www.ebay.com/sch/i.html?_nkw=split+pulley", "Image": "Null", "Title": " split pulley"}
http://www.ebay.com/itm/NEW-ACRISON-MODEL-060-SCR-DC-VARIABLE-SPEED-MOTOR-CONTROLLER-/171175426060| {"url": "http://www.ebay.com/itm/NEW-ACRISON-MODEL-060-SCR-DC-VARIABLE-SPEED-MOTOR-CONTROLLER-/171175426060", "Image": "http://i.ebayimg.com/00/s/MTIwMFgxNjAw/z/DB8AAOxydB1Sh6mW/$_35.JPG", "Title": " New Acrison Model 060 SCR DC Variable Speed Motor Controller"}
http://www.ebay.com/itm/Caterpillar-Replacement-9X1439-Lamp-/261162637416| {"url": "http://www.ebay.com/itm/Caterpillar-Replacement-9X1439-Lamp-/261162637416", "Image": "http://i.ebayimg.com/00/s/OTI2WDEwMDA=/z/53sAAOxy4fVTASZr/$_35.JPG", "Title": " Caterpillar Replacement 9x1439 Lamp"}
http://www.ebay.com/itm/NEW-3M-6800-FULL-FACEPIECE-70-0707-0905-3-MEDIUM-REUSEABLE-RESPIRATOR-/131563176419| {"url": "http://www.ebay.com/itm/NEW-3M-6800-FULL-FACEPIECE-70-0707-0905-3-MEDIUM-REUSEABLE-RESPIRATOR-/131563176419", "Image": "http://i.ebayimg.com/00/s/NzY4WDEwMjQ=/z/pLgAAOSwyQtVscKC/$_35.JPG", "Title": " New 3M 6800 Full Facepiece 70 0707 0905 3 Medium Reuseable Respirator"}
http://www.ebay.com/itm/Allen-Bradley-140M-I8E-D20-CC160-205-Amp-Industrial-Circuit-Breaker-/200965722554| {"url": "http://www.ebay.com/itm/Allen-Bradley-140M-I8E-D20-CC160-205-Amp-Industrial-Circuit-Breaker-/200965722554", "Image": "http://i.ebayimg.com/00/s/MTQwMVgxMDI0/z/xgcAAOxyNo9Ssbfw/$_35.JPG", "Title": " Allen Bradley 140M I8E D20 CC160 205 Amp Industrial Circuit Breaker"}
http://www.ebay.com/itm/Allen-Bradley-Circuit-Breaker-140M-I8-140M-I8E-C80-TX-A-140MI8EC80-80A-80-Amps-/270423416559| {"url": "http://www.ebay.com/itm/Allen-Bradley-Circuit-Breaker-140M-I8-140M-I8E-C80-TX-A-140MI8EC80-80A-80-Amps-/270423416559", "Image": "http://i.ebayimg.com/00/s/MTYwMFgxMjAw/z/jC4AAMXQaZxSG1WM/$T2eC16d,!)0FI,CiuMZQBSG1WMBKCQ~~60_35.JPG", "Title": " Allen Bradley Circuit Breaker 140M i8 140M I8E C80 TX A 140MI8EC80 80A 80 Amps"}
http://www.ebay.com/sch/i.html?_nkw=allen+bradley| {"url": "http://www.ebay.com/sch/i.html?_nkw=allen+bradley", "Image": "Null", "Title": " allen bradley"}
http://www.ebay.com/sch/sis.html?_nkw=Lot+of+5+3M+62+9742+9935+6+ScotchWeld+EPX+Mixer+Nozzle| {"url": "http://www.ebay.com/sch/sis.html?_nkw=Lot+of+5+3M+62+9742+9935+6+ScotchWeld+EPX+Mixer+Nozzle", "Image": "Null", "Title": " Lot of 5 3M 62 9742 9935 6 ScotchWeld EPX Mixer Nozzle"}
http://www.ebay.com/sch/i.html?_nkw=caterpillar+wheel+loader| {"url": "http://www.ebay.com/sch/i.html?_nkw=caterpillar+wheel+loader", "Image": "Null", "Title": " caterpillar wheel loader"}
http://www.ebay.com/itm/9X4492-Bulb-Fits-Caterpillar-/351226452293| {"url": "http://www.ebay.com/itm/9X4492-Bulb-Fits-Caterpillar-/351226452293", "Image": "http://i.ebayimg.com/00/s/MTAwMFgxMDAw/z/aa0AAOSwAF5UZ~T5/$_35.JPG", "Title": " 9x4492 Bulb Fits Caterpillar"}
http://www.ebay.com/sch/i.html?_nkw=Caterpillar+Flood+Lamp| {"url": "http://www.ebay.com/sch/i.html?_nkw=Caterpillar+Flood+Lamp", "Image": "Null", "Title": " Caterpillar Flood Lamp"}
http://www.ebay.com/sch/i.html?_nkw=130c+linerless+rubber+splicing+tape| {"url": "http://www.ebay.com/sch/i.html?_nkw=130c+linerless+rubber+splicing+tape", "Image": "Null", "Title": " 130c linerless rubber splicing tape"}
http://www.ebay.com/sch/sis.html?_nkw=3M+SCOTCH+130C+LINERLESS+RUBBER+SPLICING+TAPE+1+X+30| {"url": "http://www.ebay.com/sch/sis.html?_nkw=3M+SCOTCH+130C+LINERLESS+RUBBER+SPLICING+TAPE+1+X+30", "Image": "Null", "Title": " 3M SCOTCH 130C LINERLESS RUBBER SPLICING TAPE 1 X 30"}
http://www.ebay.com/itm/CATERPILLAR-7X6041-CABIN-AIR-FILTER-/151397421351| {"url": "http://www.ebay.com/itm/CATERPILLAR-7X6041-CABIN-AIR-FILTER-/151397421351", "Image": "http://i.ebayimg.com/00/s/MTIzN1gxNjAw/z/FaMAAOSwPe1UAf5o/$_35.JPG", "Title": " Caterpillar 7x6041 Cabin Air Filter"}
http://www.ebay.com/itm/New-Sealed-Genuine-Caterpillar-7X-6041-Cab-Air-Filter-7X6041-/141579039766| {"url": "http://www.ebay.com/itm/New-Sealed-Genuine-Caterpillar-7X-6041-Cab-Air-Filter-7X6041-/141579039766", "Image": "http://i.ebayimg.com/00/s/MTIwMFgxNjAw/z/SLgAAOSweW5U414b/$_35.JPG", "Title": " New SEALED Genuine Caterpillar 7x 6041 Cab Air Filter 7x6041"}
http://www.ebay.com/sch/i.html?_nkw=caterpillar+ca| {"url": "http://www.ebay.com/sch/i.html?_nkw=caterpillar+ca", "Image": "Null", "Title": " caterpillar ca"}
http://www.ebay.com/sch/sis.html?_nkw=Allen+Bradley+1489+A1C050+1489+A1C050+Circuit+Breaker| {"url": "http://www.ebay.com/sch/sis.html?_nkw=Allen+Bradley+1489+A1C050+1489+A1C050+Circuit+Breaker", "Image": "Null", "Title": " Allen Bradley 1489 A1C050 1489 A1C050 Circuit Breaker"}
http://www.ebay.com/itm/ALLEN-BRADLEY-1489-D1C050-SER-A-NEW-QUANTITY-5A-CIRCUIT-BREAKER-/390437593611| {"url": "http://www.ebay.com/itm/ALLEN-BRADLEY-1489-D1C050-SER-A-NEW-QUANTITY-5A-CIRCUIT-BREAKER-/390437593611", "Image": "http://i.ebayimg.com/00/s/NzY4WDEwMjQ=/$T2eC16FHJF8E9nnC6LTTBP9LBhT0eg~~60_35.JPG", "Title": " Allen Bradley 1489 D1C050 Ser A New Quantity 5A Circuit Breaker"}
http://www.ebay.com/sch/i.html?_nkw=allen%2Bbradley+1492| {"url": "http://www.ebay.com/sch/i.html?_nkw=allen%2Bbradley+1492", "Image": "Null", "Title": " allen+bradley 1492"}
http://www.ebay.com/itm/ALLEN-BRADLEY-1492-CABLE-025Y-FNFP-1492CABLE025Y-/310847537678| {"url": "http://www.ebay.com/itm/ALLEN-BRADLEY-1492-CABLE-025Y-FNFP-1492CABLE025Y-/310847537678", "Image": "http://i.ebayimg.com/00/s/NTAwWDUwMA==/z/dX0AAOxyOlhS2kFn/$_35.JPG", "Title": " ALLEN BRADLEY 1492-CABLE-025Y FNFP 1492CABLE025Y"}
http://www.ebay.com/sch/i.html?_nkw=3m+super+88| {"url": "http://www.ebay.com/sch/i.html?_nkw=3m+super+88", "Image": "Null", "Title": " 3m super 88"}
http://www.ebay.com/sch/i.html?_nkw=scotch+88+tape| {"url": "http://www.ebay.com/sch/i.html?_nkw=scotch+88+tape", "Image": "Null", "Title": " scotch 88 tape"}
http://www.ebay.com/sch/i.html?_nkw=acrison+feeder| {"url": "http://www.ebay.com/sch/i.html?_nkw=acrison+feeder", "Image": "Null", "Title": " acrison feeder"}
http://www.ebay.com/sch/i.html?_nkw=acrison| {"url": "http://www.ebay.com/sch/i.html?_nkw=acrison", "Image": "Null", "Title": " acrison"}
http://www.ebay.com/sch/i.html?_nkw=Allen+Bradley+Communication+Cable| {"url": "http://www.ebay.com/sch/i.html?_nkw=Allen+Bradley+Communication+Cable", "Image": "Null", "Title": " Allen Bradley Communication Cable"}
http://www.ebay.com/sch/sis.html?_nkw=Allen+Bradley+PLC+SLC+500+1747+DCM+Communication+Module| {"url": "http://www.ebay.com/sch/sis.html?_nkw=Allen+Bradley+PLC+SLC+500+1747+DCM+Communication+Module", "Image": "Null", "Title": " Allen Bradley PLC SLC 500 1747 DCM Communication Module"}
http://www.ebay.com/sch/sis.html?_nkw=BROWNING+5Q3V60+SPLIT+TAPER+SHEAVE+3V+V+BELT+MOTOR+DRIVE+PULLEY+1+1+4+BUSHING| {"url": "http://www.ebay.com/sch/sis.html?_nkw=BROWNING+5Q3V60+SPLIT+TAPER+SHEAVE+3V+V+BELT+MOTOR+DRIVE+PULLEY+1+1+4+BUSHING", "Image": "Null", "Title": " BROWNING 5Q3V60 SPLIT TAPER SHEAVE 3V V BELT MOTOR DRIVE PULLEY 1 1 4 BUSHING"}
http://www.ebay.com/sch/sis.html?_nkw=BROWNING+3TB124+Sheave+Three+Groove| {"url": "http://www.ebay.com/sch/sis.html?_nkw=BROWNING+3TB124+Sheave+Three+Groove", "Image": "Null", "Title": " BROWNING 3TB124 Sheave Three Groove"}
http://www.ebay.com/sch/i.html?_nkw=browning+sheaves+2v58b70+x+1+7%2F8| {"url": "http://www.ebay.com/sch/i.html?_nkw=browning+sheaves+2v58b70+x+1+7%2F8", "Image": "Null", "Title": " browning sheaves 2v58b70 x 1 7/8"}
http://www.ebay.com/cln/pickanother1/Service-Project/129398575010| {"url": "http://www.ebay.com/cln/pickanother1/Service-Project/129398575010", "Image": "Null", "Title": "Service Project collection on eBay!"}
http://www.ebay.com/itm/3M-054007-10810-Scotch-35-Vinyl-Electrical-Tape-Red-/131314816470| {"url": "http://www.ebay.com/itm/3M-054007-10810-Scotch-35-Vinyl-Electrical-Tape-Red-/131314816470", "Image": "http://i.ebayimg.com/00/s/OTAxWDE2MDA=/z/D5sAAOSwU9xUMb3~/$_35.JPG", "Title": " 3M 054007 10810 Scotch 35 Vinyl Electrical Tape Red"}
http://www.ebay.com/sch/sis.html?_nkw=3M+Scotch+70+Electrical+Tape| {"url": "http://www.ebay.com/sch/sis.html?_nkw=3M+Scotch+70+Electrical+Tape", "Image": "Null", "Title": " 3M Scotch 70 Electrical Tape"}
http://www.ebay.com/sch/sis.html?_nkw=ALLEN+BRADLEY+1485T+P2T5+T5+POWER+TAP+DEVICENET+NEW| {"url": "http://www.ebay.com/sch/sis.html?_nkw=ALLEN+BRADLEY+1485T+P2T5+T5+POWER+TAP+DEVICENET+NEW", "Image": "Null", "Title": " ALLEN BRADLEY 1485T P2T5 T5 POWER TAP DEVICENET NEW"}
http://www.ebay.com/sch/i.html?_nkw=1485T+P2T5+T5| {"url": "http://www.ebay.com/sch/i.html?_nkw=1485T+P2T5+T5", "Image": "Null", "Title": " 1485T P2T5 T5"}
http://www.ebay.com/itm/Browning-2B5V94-Split-Taper-Sheave-Double-Groove-V-Belt-Pulley-Catalog-3694056-/281109060211| {"url": "http://www.ebay.com/itm/Browning-2B5V94-Split-Taper-Sheave-Double-Groove-V-Belt-Pulley-Catalog-3694056-/281109060211", "Image": "http://i.ebayimg.com/00/s/NjAwWDgwMA==/z/vAAAAOxyo4lRlpO2/$T2eC16hHJGsFFMnUlrvGBRlpO2rd5g~~60_35.JPG", "Title": " Browning 2B5V94 Split Taper Sheave Double Groove V Belt Pulley Catalog 3694056"}
http://www.ebay.com/itm/Browning-V-Belt-Pulley-2B5V94-/111467093718| {"url": "http://www.ebay.com/itm/Browning-V-Belt-Pulley-2B5V94-/111467093718", "Image": "http://i.ebayimg.com/00/s/MTIwMFgxNjAw/z/mWsAAOSwPe1UG19V/$_35.JPG", "Title": " Browning V Belt Pulley 2B5V94"}
http://www.ebay.com/sch/i.html?_nkw=3m+7502| {"url": "http://www.ebay.com/sch/i.html?_nkw=3m+7502", "Image": "Null", "Title": " 3m 7502"}
http://www.ebay.com/sch/i.html?_nkw=3m+respirator+7502| {"url": "http://www.ebay.com/sch/i.html?_nkw=3m+respirator+7502", "Image": "Null", "Title": " 3m respirator 7502"}
http://www.ebay.com/sch/i.html?_nkw=3m+9211| {"url": "http://www.ebay.com/sch/i.html?_nkw=3m+9211", "Image": "Null", "Title": " 3m 9211"}
http://www.ebay.com/itm/3M-Particulate-Respirator-9211-37022-N95-Pack-of-10-/301611619607| {"url": "http://www.ebay.com/itm/3M-Particulate-Respirator-9211-37022-N95-Pack-of-10-/301611619607", "Image": "http://i.ebayimg.com/00/s/MTI0MFgxNjAw/z/QakAAOSwNSxVPxe2/$_35.JPG", "Title": " 3M Particulate Respirator 9211 37022 N95 Pack of 10"}
http://www.ebay.com/itm/7W5317-Element-Air-Primary-Fits-Caterpillar-8N5317-815B-PS-500-3116-3208-3304-5P-/231389714335| {"url": "http://www.ebay.com/itm/7W5317-Element-Air-Primary-Fits-Caterpillar-8N5317-815B-PS-500-3116-3208-3304-5P-/231389714335", "Image": "http://i.ebayimg.com/00/s/MTAwMFgxMDAw/z/UQYAAOSwMKpUZIO4/$_35.JPG", "Title": " 7W5317 Element Air Primary Fits Caterpillar 8N5317 815B PS 500 3116 3208 3304 5P"}
http://www.ebay.com/sch/i.html?_nkw=3m+8271| {"url": "http://www.ebay.com/sch/i.html?_nkw=3m+8271", "Image": "Null", "Title": " 3m 8271"}
http://www.ebay.com/sch/i.html?_nkw=3m+particulate+respirator+8271%2c+p95+mco54285| {"url": "http://www.ebay.com/sch/i.html?_nkw=3m+particulate+respirator+8271%2c+p95+mco54285", "Image": "Null", "Title": " 3m particulate respirator 8271, p95 mco54285"}
http://www.ebay.com/sch/i.html?_nkw=3m+versaflo| {"url": "http://www.ebay.com/sch/i.html?_nkw=3m+versaflo", "Image": "Null", "Title": " 3m versaflo"}
http://www.ebay.com/bhp/3m-micron| {"url": "http://www.ebay.com/bhp/3m-micron", "Image": "Null", "Title": " 3M Micron: Abrasives"}
http://www.ebay.com/sch/i.html?_nkw=scotch+brite+belt| {"url": "http://www.ebay.com/sch/i.html?_nkw=scotch+brite+belt", "Image": "Null", "Title": " scotch brite belt"}
http://www.ebay.com/itm/New-Sealed-Genuine-Caterpillar-7X-6041-Cab-Air-Filter-7X6041-/141579039766| {"url": "http://www.ebay.com/itm/New-Sealed-Genuine-Caterpillar-7X-6041-Cab-Air-Filter-7X6041-/141579039766", "Image": "http://i.ebayimg.com/00/s/MTIwMFgxNjAw/z/SLgAAOSweW5U414b/$_35.JPG", "Title": " New SEALED Genuine Caterpillar 7x 6041 Cab Air Filter 7x6041"}
http://www.ebay.com/sch/sis.html?_nkw=9447-NEW-Browning-2BK55H-Two-Groove-Sheave-5-1-4-OD-| {"url": "http://www.ebay.com/sch/sis.html?_nkw=9447-NEW-Browning-2BK55H-Two-Groove-Sheave-5-1-4-OD-", "Image": "Null", "Title": " 9447-NEW-Browning-2BK55H-Two-Groove-Sheave-5-1-4-OD-"}
http://www.ebay.com/itm/Browning-2BK55H-Double-Groove-V-Belt-Sheave-Pulley-USED-/321691624031| {"url": "http://www.ebay.com/itm/Browning-2BK55H-Double-Groove-V-Belt-Sheave-Pulley-USED-/321691624031", "Image": "http://i.ebayimg.com/00/s/NDgwWDY0MA==/z/A-0AAOSwqu9U~jO2/$_35.JPG", "Title": " Browning 2BK55H Double Groove V Belt Sheave Pulley Used"}
http://www.ebay.com/sch/i.html?_nkw=3m+n95+mask| {"url": "http://www.ebay.com/sch/i.html?_nkw=3m+n95+mask", "Image": "Null", "Title": " 3m n95 mask"}
http://www.ebay.com/sch/i.html?_nkw=3m+n95| {"url": "http://www.ebay.com/sch/i.html?_nkw=3m+n95", "Image": "Null", "Title": " 3m n95"}
http://www.ebay.com/itm/1G8878-Filter-Hydraulic-Applications-Fits-Caterpillar-9T5916-725-730-735-740-35-/271677410884| {"url": "http://www.ebay.com/itm/1G8878-Filter-Hydraulic-Applications-Fits-Caterpillar-9T5916-725-730-735-740-35-/271677410884", "Image": "http://i.ebayimg.com/00/s/MTQwMFgxNDAw/z/qIcAAOSw2XFUbmbJ/$_35.JPG", "Title": " 1G8878 Filter Hydraulic Applications Fits Caterpillar 9T5916 725 730 735 740 35"}
http://www.ebay.com/sch/i.html?_nkw=caterpillar+725| {"url": "http://www.ebay.com/sch/i.html?_nkw=caterpillar+725", "Image": "Null", "Title": " caterpillar 725"}
http://www.ebay.com/sch/i.html?_nkw=caterpillar+filters| {"url": "http://www.ebay.com/sch/i.html?_nkw=caterpillar+filters", "Image": "Null", "Title": " caterpillar filters"}
http://www.ebay.com/itm/Allen-Bradley-Breaker-80A-80-Amp-A-3P-140M-I8E-C80-XC-140M-I8E-C80-/270347147580| {"url": "http://www.ebay.com/itm/Allen-Bradley-Breaker-80A-80-Amp-A-3P-140M-I8E-C80-XC-140M-I8E-C80-/270347147580", "Image": "http://i.ebayimg.com/00/s/MTYwMFgxMjAw/z/lVwAAOxym2BSG1Xr/$T2eC16d,!)EE9s2uiPj!BSG1(q,N0!~~60_35.JPG", "Title": " Allen Bradley Breaker 80A 80 Amp A 3P 140M I8E C80 XC 140M I8E C80"}
http://www.ebay.com/sch/sis.html?_nkw=Allen+Bradley+1489+A1C050+1489+A1C050+Circuit+Breaker| {"url": "http://www.ebay.com/sch/sis.html?_nkw=Allen+Bradley+1489+A1C050+1489+A1C050+Circuit+Breaker", "Image": "Null", "Title": " Allen Bradley 1489 A1C050 1489 A1C050 Circuit Breaker"}
http://www.ebay.com/sch/sis.html?_nkw=Allen+Bradley+1489+A1C200+Circuit+Breaker+1498+NEW| {"url": "http://www.ebay.com/sch/sis.html?_nkw=Allen+Bradley+1489+A1C200+Circuit+Breaker+1498+NEW", "Image": "Null", "Title": " Allen Bradley 1489 A1C200 Circuit Breaker 1498 NEW"}
http://www.ebay.com/sch/i.html?_nkw=3m+9211| {"url": "http://www.ebay.com/sch/i.html?_nkw=3m+9211", "Image": "Null", "Title": " 3m 9211"}
http://www.ebay.com/itm/Pulley-Browning-2BK120H-2BK-120H-Cast-Iron-1-1-2-Bore-2-Belts-11-3-4-OD-/150956849345| {"url": "http://www.ebay.com/itm/Pulley-Browning-2BK120H-2BK-120H-Cast-Iron-1-1-2-Bore-2-Belts-11-3-4-OD-/150956849345", "Image": "http://i.ebayimg.com/00/s/MTIwMFgxNjAw/z/w-MAAOxyeR9TLYQn/$_35.JPG", "Title": " Pulley Browning 2BK120H 2BK 120H Cast Iron 1 1 2&quot; Bore 2 Belts 11 3 4&quot; OD"}
http://www.ebay.com/itm/Qty-2-x-Allen-Bradley-1492-ACABLE025WB-Cables-for-ControlLogix-/381014497077| {"url": "http://www.ebay.com/itm/Qty-2-x-Allen-Bradley-1492-ACABLE025WB-Cables-for-ControlLogix-/381014497077", "Image": "http://i.ebayimg.com/00/s/ODQ3WDE2MDA=/z/8g8AAOSw-jhUL1s6/$_35.JPG", "Title": " Qty 2 x Allen Bradley 1492 ACABLE025WB Cables for ControlLogix"}
http://www.ebay.com/sch/i.html?_nkw=abrasive+pads| {"url": "http://www.ebay.com/sch/i.html?_nkw=abrasive+pads", "Image": "Null", "Title": " abrasive pads"}
http://www.ebay.com/sch/i.html?_nkw=3m+6003| {"url": "http://www.ebay.com/sch/i.html?_nkw=3m+6003", "Image": "Null", "Title": " 3m 6003"}
http://www.ebay.com/sch/i.html?_nkw=3m+6003+cartridge| {"url": "http://www.ebay.com/sch/i.html?_nkw=3m+6003+cartridge", "Image": "Null", "Title": " 3m 6003 cartridge"}
http://www.ebay.com/sch/sis.html?_nkw=New+Allen+Bradley+1492+ACABLE025UD+Cable+for+1756+Analog+I+O+1492ACABLE025UD| {"url": "http://www.ebay.com/sch/sis.html?_nkw=New+Allen+Bradley+1492+ACABLE025UD+Cable+for+1756+Analog+I+O+1492ACABLE025UD", "Image": "Null", "Title": " New Allen Bradley 1492 ACABLE025UD Cable for 1756 Analog I O 1492ACABLE025UD"}
http://www.ebay.com/sch/i.html?_nkw=acrison+feeder| {"url": "http://www.ebay.com/sch/i.html?_nkw=acrison+feeder", "Image": "Null", "Title": " acrison feeder"}
http://www.ebay.com/sch/i.html?_nkw=acrison| {"url": "http://www.ebay.com/sch/i.html?_nkw=acrison", "Image": "Null", "Title": " acrison"}
http://www.ebay.com/itm/9X3463-Bulb-Fits-Caterpillar-/351237336605| {"url": "http://www.ebay.com/itm/9X3463-Bulb-Fits-Caterpillar-/351237336605", "Image": "http://i.ebayimg.com/00/s/MTQwMFgxNDAw/z/G5UAAOSw7ThUdUSh/$_35.JPG", "Title": " 9x3463 Bulb Fits Caterpillar"}
http://www.ebay.com/sch/i.html?_nkw=caterpillar+headlight| {"url": "http://www.ebay.com/sch/i.html?_nkw=caterpillar+headlight", "Image": "Null", "Title": " caterpillar headlight"}
http://www.ebay.com/sch/sis.html?_nkw=5+3M+Sandblaster+Pro+120+Grit+Sandpaper+8+Pack| {"url": "http://www.ebay.com/sch/sis.html?_nkw=5+3M+Sandblaster+Pro+120+Grit+Sandpaper+8+Pack", "Image": "Null", "Title": " 5 3M Sandblaster Pro 120 Grit Sandpaper 8 Pack"}
http://www.ebay.com/sch/i.html?_nkw=3m+7501| {"url": "http://www.ebay.com/sch/i.html?_nkw=3m+7501", "Image": "Null", "Title": " 3m 7501"}
http://www.ebay.com/sch/i.html?_nkw=3M+7501%2C+3M+7500+Series+Half+Mask%2CS| {"url": "http://www.ebay.com/sch/i.html?_nkw=3M+7501%2C+3M+7500+Series+Half+Mask%2CS", "Image": "Null", "Title": " 3M 7501, 3M 7500 Series Half Mask,S"}
http://www.ebay.com/itm/ORTHODOXY-9780802456571-CHARLES-COLSON-G-K-CHESTERTON-PAPERBACK-NEW-/191518494948| {"url": "http://www.ebay.com/itm/ORTHODOXY-9780802456571-CHARLES-COLSON-G-K-CHESTERTON-PAPERBACK-NEW-/191518494948", "Image": "http://i.ebayimg.com/00/s/MjU0WDE4MQ==/z/fI0AAOSwPYZU6fSz/$_35.JPG", "Title": " Orthodoxy 9780802456571 Charles Colson G K Chesterton Paperback New 080245657X"}
http://www.ebay.com/sch/i.html?_nkw=3m+ear+soft| {"url": "http://www.ebay.com/sch/i.html?_nkw=3m+ear+soft", "Image": "Null", "Title": " 3m ear soft"}
http://www.ebay.com/sch/sis.html?_nkw=200-3M-340-4014-UltraFit-Earplugs-| {"url": "http://www.ebay.com/sch/sis.html?_nkw=200-3M-340-4014-UltraFit-Earplugs-", "Image": "Null", "Title": " 200-3M-340-4014-UltraFit-Earplugs-"}
http://www.ebay.com/itm/7E0744-V-Belt-Single-Fits-Caterpillar-/271684630250| {"url": "http://www.ebay.com/itm/7E0744-V-Belt-Single-Fits-Caterpillar-/271684630250", "Image": "http://i.ebayimg.com/00/s/MTQwMFgxNDAw/z/VG4AAOSwiCRUdUYr/$_35.JPG", "Title": " 7E0744 V Belt Single Fits Caterpillar"}
http://www.ebay.com/sch/i.html?_nkw=caterpillar+963| {"url": "http://www.ebay.com/sch/i.html?_nkw=caterpillar+963", "Image": "Null", "Title": " caterpillar 963"}
http://www.ebay.com/itm/9M2341-Filter-Fuel-Fits-Caterpillar-/271684768016| {"url": "http://www.ebay.com/itm/9M2341-Filter-Fuel-Fits-Caterpillar-/271684768016", "Image": "http://i.ebayimg.com/00/s/MTQwMFgxNDAw/z/xw0AAOSwD0lUdXLR/$_35.JPG", "Title": " 9M2341 Filter Fuel Fits Caterpillar"}
http://www.ebay.com/itm/CTP-Aftermarket-Fuel-Filter-to-fit-Caterpillar-9M2341-/271825129778| {"url": "http://www.ebay.com/itm/CTP-Aftermarket-Fuel-Filter-to-fit-Caterpillar-9M2341-/271825129778", "Image": "http://i.ebayimg.com/00/s/MTA2MlgxNjAw/z/-YUAAOSw-7RVG03R/$_35.JPG", "Title": " CTP Aftermarket Fuel Filter to Fit Caterpillar 9M2341"}
http://www.ebay.com/sch/i.html?_nkw=3m+8210| {"url": "http://www.ebay.com/sch/i.html?_nkw=3m+8210", "Image": "Null", "Title": " 3m 8210"}
http://www.ebay.com/sch/i.html?_nkw=allen+bradley+140m| {"url": "http://www.ebay.com/sch/i.html?_nkw=allen+bradley+140m", "Image": "Null", "Title": " allen bradley 140m"}
http://www.ebay.com/sch/i.html?_nkw=3m+package+tape| {"url": "http://www.ebay.com/sch/i.html?_nkw=3m+package+tape", "Image": "Null", "Title": " 3m package tape"}
http://www.ebay.com/sch/i.html?_nkw=3m+7503| {"url": "http://www.ebay.com/sch/i.html?_nkw=3m+7503", "Image": "Null", "Title": " 3m 7503"}
http://www.ebay.com/sch/i.html?_nkw=3m+respirator+7503| {"url": "http://www.ebay.com/sch/i.html?_nkw=3m+respirator+7503", "Image": "Null", "Title": " 3m respirator 7503"}
http://www.ebay.com/itm/Pulley-sheave-A-or-B-belt-2-groove-Browning-2BK100-x-1-Unused-/400321372428| {"url": "http://www.ebay.com/itm/Pulley-sheave-A-or-B-belt-2-groove-Browning-2BK100-x-1-Unused-/400321372428", "Image": "http://i.ebayimg.com/00/s/NTAwWDc1MA==/z/xhIAAOSwPe1T~h3j/$_35.JPG", "Title": " Pulley Sheave A or B Belt 2 Groove Browning 2BK100 x 1 Unused"}
http://www.ebay.com/itm/Browning-2B5V94-Split-Taper-Sheave-Double-Groove-V-Belt-Pulley-Catalog-3694056-/281109060211| {"url": "http://www.ebay.com/itm/Browning-2B5V94-Split-Taper-Sheave-Double-Groove-V-Belt-Pulley-Catalog-3694056-/281109060211", "Image": "http://i.ebayimg.com/00/s/NjAwWDgwMA==/z/vAAAAOxyo4lRlpO2/$T2eC16hHJGsFFMnUlrvGBRlpO2rd5g~~60_35.JPG", "Title": " Browning 2B5V94 Split Taper Sheave Double Groove V Belt Pulley Catalog 3694056"}
http://www.ebay.com/sch/i.html?_nkw=3m+vinyl+electrical+tape| {"url": "http://www.ebay.com/sch/i.html?_nkw=3m+vinyl+electrical+tape", "Image": "Null", "Title": " 3m vinyl electrical tape"}
http://www.ebay.com/sch/i.html?_nkw=blue+electrical+tape| {"url": "http://www.ebay.com/sch/i.html?_nkw=blue+electrical+tape", "Image": "Null", "Title": " blue electrical tape"}